{
  "version": 2,
  "location": "sakuracloud:generator_1",
  "traits": {},
  "properties": {
    "rotationState": "ALL",
    "showInJei": true,
    "isOpaque": true,
    "hasCollision": true,
    "destroyTime": 1.5,
    "explosionResistance": 10.0,
    "harvestLevel": 1,
    "stackSize": 64,
    "tabGroup": "multiblocked"
  },
  "status": {
    "unformed": {
      "renderer": {
        "state": {
          "id": "modularmachinery:ivpressure_chamber_controller",
          "meta": 1
        },
        "type": "blockstate"
      }
    },
    "idle": {
      "parent": "unformed"
    },
    "working": {
      "parent": "idle"
    },
    "suspend": {
      "parent": "working"
    }
  },
  "recipeMap": "generator_1",
  "catalyst": "{id:\"randomthings:spectrekey\",Count:1,Damage:0s}",
  "consumeCatalyst": "NOT_CONSUMED",
  "noNeedController": false,
  "basePattern": {
    "structureDir": [
      "LEFT",
      "BACK",
      "UP"
    ],
    "pattern": [
      [
        " AAAA ",
        "AAAAAA",
        "AAFFAA",
        "AAFFAA",
        "AAAAAA",
        " AAAA "
      ],
      [
        " B  @ ",
        "BCDDCB",
        " D  D ",
        " D  D ",
        "BCDDCB",
        " B  B "
      ],
      [
        "      ",
        " CEEC ",
        " E  E ",
        " E  E ",
        " CEEC ",
        "      "
      ],
      [
        "      ",
        " CEEC ",
        " E  E ",
        " E  E ",
        " CEEC ",
        "      "
      ],
      [
        "      ",
        " CCCC ",
        " CGGC ",
        " CGGC ",
        " CCCC ",
        "      "
      ]
    ],
    "aisleRepetitions": [
      [
        1,
        1
      ],
      [
        1,
        1
      ],
      [
        1,
        1
      ],
      [
        1,
        1
      ],
      [
        1,
        1
      ]
    ],
    "predicates": {
      "A": {
        "states": [
          {
            "id": "modularmachinery:blockcasing",
            "meta": 4
          }
        ],
        "type": "states"
      },
      "controller": {
        "location": "sakuracloud:generator_1",
        "type": "component"
      },
      "C": {
        "states": [
          {
            "id": "modularmachinery:blockcasing",
            "meta": 2
          }
        ],
        "type": "states"
      },
      "D": {
        "states": [
          {
            "id": "modularmachinery:blockcasing",
            "meta": 0
          }
        ],
        "type": "states"
      },
      "E": {
        "states": [
          {
            "id": "extrautils2:ineffableglass",
            "meta": 2
          }
        ],
        "type": "states"
      },
      "F": {
        "states": [
          {
            "id": "modularmachinery:blockcasing",
            "meta": 3
          }
        ],
        "type": "states"
      },
      "G": {
        "states": [
          {
            "id": "modularmachinery:blockcasing",
            "meta": 1
          }
        ],
        "type": "states"
      },
      "H": {
        "capability": "item",
        "type": "capability"
      },
      "I": {
        "capability": "forge_energy",
        "type": "capability"
      },
      "any": {
        "type": "any"
      }
    },
    "symbolMap": {
      "@": [
        "controller"
      ],
      " ": [
        "any"
      ],
      "A": [
        "A"
      ],
      "B": [
        "A",
        "H",
        "I"
      ],
      "C": [
        "C"
      ],
      "D": [
        "D"
      ],
      "E": [
        "E"
      ],
      "F": [
        "F"
      ],
      "G": [
        "G"
      ]
    }
  }
}