{
  "version": 2,
  "location": "sakuracloud:terra_altar",
  "traits": {},
  "properties": {
    "rotationState": "ALL",
    "showInJei": true,
    "isOpaque": true,
    "hasCollision": true,
    "destroyTime": 1.5,
    "explosionResistance": 10.0,
    "harvestLevel": 1,
    "stackSize": 64,
    "tabGroup": "multiblocked"
  },
  "status": {
    "unformed": {
      "renderer": {
        "state": {
          "id": "botanicadds:mana_tesseract",
          "meta": 0
        },
        "type": "blockstate"
      }
    },
    "idle": {
      "parent": "unformed"
    },
    "working": {
      "parent": "idle"
    },
    "suspend": {
      "parent": "working"
    }
  },
  "recipeMap": "terra_altar",
  "catalyst": "{id:\"botania:manaresource\",Count:1,Damage:14s}",
  "consumeCatalyst": "CONSUMED",
  "noNeedController": false,
  "basePattern": {
    "structureDir": [
      "BACK",
      "UP",
      "RIGHT"
    ],
    "pattern": [
      [
        "ABCBCBA",
        "       ",
        "       "
      ],
      [
        "BDEFEDB",
        " AG GA ",
        "       "
      ],
      [
        "CE   EC",
        " GHIHG ",
        "   J   "
      ],
      [
        "BF   FB",
        "  IKI  ",
        "   @   "
      ],
      [
        "CE   EC",
        " GHIHG ",
        "   J   "
      ],
      [
        "BDEFEDB",
        " AG GA ",
        "       "
      ],
      [
        "ABCBCBA",
        "       ",
        "       "
      ]
    ],
    "aisleRepetitions": [
      [
        1,
        1
      ],
      [
        1,
        1
      ],
      [
        1,
        1
      ],
      [
        1,
        1
      ],
      [
        1,
        1
      ],
      [
        1,
        1
      ],
      [
        1,
        1
      ]
    ],
    "predicates": {
      "A": {
        "states": [
          {
            "id": "botania:pylon",
            "meta": 0
          }
        ],
        "type": "states"
      },
      "controller": {
        "location": "sakuracloud:terra_altar",
        "type": "component"
      },
      "B": {
        "states": [
          {
            "id": "botania:shimmerrock",
            "meta": 0
          }
        ],
        "type": "states"
      },
      "C": {
        "states": [
          {
            "id": "botania:dreamwood",
            "meta": 5
          }
        ],
        "type": "states"
      },
      "D": {
        "states": [
          {
            "id": "botania:bifrostperm",
            "meta": 0
          }
        ],
        "type": "states"
      },
      "E": {
        "states": [
          {
            "id": "botania:storage",
            "meta": 4
          }
        ],
        "type": "states"
      },
      "F": {
        "states": [
          {
            "id": "botanicadds:elven_lapis_block",
            "meta": 0
          }
        ],
        "type": "states"
      },
      "H": {
        "states": [
          {
            "id": "botania:quartztypeelf",
            "meta": 0
          }
        ],
        "type": "states"
      },
      "I": {
        "states": [
          {
            "id": "botania:livingwood",
            "meta": 5
          }
        ],
        "type": "states"
      },
      "J": {
        "states": [
          {
            "id": "ironchest:iron_chest",
            "meta": 5
          }
        ],
        "type": "states"
      },
      "K": {
        "states": [
          {
            "id": "botania:storage",
            "meta": 1
          }
        ],
        "type": "states"
      },
      "L": {
        "capability": "bot_mana",
        "type": "capability"
      },
      "any": {
        "type": "any"
      }
    },
    "symbolMap": {
      "@": [
        "controller"
      ],
      " ": [
        "any"
      ],
      "A": [
        "A"
      ],
      "B": [
        "B"
      ],
      "C": [
        "C"
      ],
      "D": [
        "D"
      ],
      "E": [
        "E"
      ],
      "F": [
        "F"
      ],
      "G": [
        "L"
      ],
      "H": [
        "H"
      ],
      "I": [
        "I"
      ],
      "J": [
        "J"
      ],
      "K": [
        "K"
      ]
    }
  }
}