{
  "version": 2,
  "location": "sakuracloud:exnihino_oil",
  "traits": {},
  "properties": {
    "rotationState": "ALL",
    "showInJei": true,
    "isOpaque": true,
    "hasCollision": true,
    "destroyTime": 1.5,
    "explosionResistance": 10.0,
    "harvestLevel": 1,
    "stackSize": 64,
    "tabGroup": "multiblocked"
  },
  "status": {
    "unformed": {
      "renderer": {
        "baseTexture": "multiblocked:blocks/gregtech_base",
        "frontTexture": "multiblocked:blocks/gregtech_front",
        "type": "gregtech"
      }
    },
    "idle": {
      "parent": "unformed"
    },
    "working": {
      "parent": "idle"
    },
    "suspend": {
      "parent": "working"
    },
    "new_status_1": {}
  },
  "recipeMap": "exnihino_oil",
  "basePattern": {
    "structureDir": [
      "RIGHT",
      "UP",
      "FRONT"
    ],
    "pattern": [
      [
        "ABC",
        " D ",
        " E ",
        " D ",
        "   "
      ],
      [
        "BFB",
        "DGD",
        "EGE",
        "DGD",
        " D "
      ],
      [
        "H@H",
        " D ",
        " E ",
        " D ",
        "   "
      ]
    ],
    "aisleRepetitions": [
      [
        1,
        1
      ],
      [
        1,
        1
      ],
      [
        1,
        1
      ]
    ],
    "predicates": {
      "A": {
        "states": [
          {
            "id": "modularmachinery:blockfluidoutputhatch",
            "meta": 0
          }
        ],
        "type": "states"
      },
      "controller": {
        "location": "sakuracloud:exnihino_oil",
        "type": "component"
      },
      "B": {
        "states": [
          {
            "id": "immersiveengineering:metal_decoration0",
            "meta": 4
          }
        ],
        "type": "states"
      },
      "D": {
        "states": [
          {
            "id": "immersiveengineering:metal_decoration1",
            "meta": 1
          }
        ],
        "type": "states"
      },
      "E": {
        "states": [
          {
            "id": "immersiveengineering:metal_decoration0",
            "meta": 7
          }
        ],
        "type": "states"
      },
      "F": {
        "states": [
          {
            "id": "immersiveengineering:metal_decoration0",
            "meta": 5
          }
        ],
        "type": "states"
      },
      "G": {
        "states": [
          {
            "id": "environmentaltech:laser_lens",
            "meta": 0
          }
        ],
        "type": "states"
      },
      "H": {
        "states": [
          {
            "id": "immersiveengineering:sheetmetal",
            "meta": 8
          }
        ],
        "type": "states"
      },
      "I": {
        "capability": "fluid",
        "type": "capability"
      },
      "J": {
        "capability": "forge_energy",
        "type": "capability"
      },
      "any": {
        "type": "any"
      }
    },
    "symbolMap": {
      "@": [
        "controller"
      ],
      " ": [
        "any"
      ],
      "A": [
        "A",
        "I"
      ],
      "B": [
        "B"
      ],
      "C": [
        "J"
      ],
      "D": [
        "D"
      ],
      "E": [
        "E"
      ],
      "F": [
        "F"
      ],
      "G": [
        "G"
      ],
      "H": [
        "H"
      ]
    }
  }
}