{
  "version": 2,
  "location": "sakuracloud:sky_altar",
  "traits": {},
  "properties": {
    "rotationState": "ALL",
    "showInJei": true,
    "isOpaque": true,
    "hasCollision": true,
    "destroyTime": 1.5,
    "explosionResistance": 10.0,
    "harvestLevel": 1,
    "stackSize": 64,
    "tabGroup": "multiblocked"
  },
  "status": {
    "unformed": {
      "renderer": {
        "state": {
          "id": "naturesaura:infused_brick_slab_double",
          "meta": 0
        },
        "type": "blockstate"
      }
    },
    "idle": {
      "parent": "unformed"
    },
    "working": {
      "parent": "idle"
    },
    "suspend": {
      "parent": "working"
    }
  },
  "recipeMap": "sky_altar",
  "catalyst": "{id:\"naturesaura:sky_ingot\",Count:1,Damage:0s}",
  "consumeCatalyst": "NOT_CONSUMED",
  "noNeedController": false,
  "basePattern": {
    "structureDir": [
      "LEFT",
      "UP",
      "BACK"
    ],
    "pattern": [
      [
        " AAAA@AAAA",
        "          ",
        "          ",
        "          ",
        "          ",
        "          ",
        "          ",
        "          ",
        "          "
      ],
      [
        "AABAAAAABA",
        " C  DED  C",
        " F       F",
        " F       F",
        " F       F",
        " F       F",
        " CG     GC",
        " B H   H B",
        "    HHH   "
      ],
      [
        "ABAAAAAAAB",
        "  E III E ",
        "          ",
        "          ",
        "          ",
        "          ",
        " G       G",
        "          ",
        "     H    "
      ],
      [
        "AAAAAAAAAA",
        "   II II  ",
        "          ",
        "          ",
        "          ",
        "          ",
        "          ",
        " H       H",
        "     H    "
      ],
      [
        "AAAAABAAAA",
        "  II   II ",
        "          ",
        "          ",
        "          ",
        "          ",
        "     J    ",
        "    BHB   ",
        " H   H   H"
      ],
      [
        "AAAABGBAAA",
        " EI  K  IE",
        "          ",
        "          ",
        "          ",
        "          ",
        "    JJJ   ",
        "    H H   ",
        " HHHH HHHH"
      ],
      [
        "AAAAABAAAA",
        "  II   II ",
        "          ",
        "          ",
        "          ",
        "          ",
        "     J    ",
        "    BHB   ",
        " H   H   H"
      ],
      [
        "AAAAAAAAAA",
        "   II II  ",
        "          ",
        "          ",
        "          ",
        "          ",
        "          ",
        " H       H",
        "     H    "
      ],
      [
        "ABAAAAAAAB",
        "  E III E ",
        "          ",
        "          ",
        "          ",
        "          ",
        " G       G",
        "          ",
        "     H    "
      ],
      [
        "AABAAAAABA",
        " C  LEL  C",
        " F       F",
        " F       F",
        " F       F",
        " F       F",
        " CG     GC",
        " B H   H B",
        "    HHH   "
      ]
    ],
    "aisleRepetitions": [
      [
        1,
        1
      ],
      [
        1,
        1
      ],
      [
        1,
        1
      ],
      [
        1,
        1
      ],
      [
        1,
        1
      ],
      [
        1,
        1
      ],
      [
        1,
        1
      ],
      [
        1,
        1
      ],
      [
        1,
        1
      ],
      [
        1,
        1
      ]
    ],
    "predicates": {
      "A": {
        "states": [
          {
            "id": "naturesaura:infused_brick",
            "meta": 0
          }
        ],
        "type": "states"
      },
      "controller": {
        "location": "sakuracloud:sky_altar",
        "type": "component"
      },
      "B": {
        "states": [
          {
            "id": "minecraft:sea_lantern",
            "meta": 0
          },
          {
            "id": "minecraft:glowstone",
            "meta": 0
          }
        ],
        "type": "states"
      },
      "C": {
        "states": [
          {
            "id": "astralsorcery:blockmarble",
            "meta": 4
          }
        ],
        "type": "states"
      },
      "E": {
        "states": [
          {
            "id": "naturesaura:wood_stand",
            "meta": 0
          }
        ],
        "type": "states"
      },
      "F": {
        "states": [
          {
            "id": "astralsorcery:blockmarble",
            "meta": 2
          }
        ],
        "type": "states"
      },
      "G": {
        "states": [
          {
            "id": "astralsorcery:blockmarble",
            "meta": 3
          }
        ],
        "type": "states"
      },
      "H": {
        "states": [
          {
            "id": "astralsorcery:blockmarble",
            "meta": 1
          }
        ],
        "type": "states"
      },
      "J": {
        "states": [
          {
            "id": "extrautils2:ineffableglass",
            "meta": 2
          }
        ],
        "type": "states"
      },
      "K": {
        "states": [
          {
            "id": "naturesaura:offering_table",
            "meta": 0
          }
        ],
        "type": "states"
      },
      "any": {
        "type": "any"
      },
      "M": {
        "capability": "item",
        "type": "capability"
      }
    },
    "symbolMap": {
      "@": [
        "controller"
      ],
      " ": [
        "any"
      ],
      "A": [
        "A"
      ],
      "B": [
        "B"
      ],
      "C": [
        "C"
      ],
      "D": [
        "M"
      ],
      "E": [
        "E"
      ],
      "F": [
        "F"
      ],
      "G": [
        "G"
      ],
      "H": [
        "H"
      ],
      "I": [],
      "J": [
        "J"
      ],
      "K": [
        "K"
      ],
      "L": []
    }
  }
}