{
  "version": 2,
  "location": "sakuracloud:ender_pearl",
  "traits": {
    "item": [
      {
        "cIO": 1,
        "gIO": 1,
        "mIO": 1,
        "x": 45,
        "y": 70,
        "autoIO": false,
        "valid": [
          "\"{id:\\\"minecraft:ender_pearl\\\",Count:1,Damage:0s}\""
        ]
      },
      {
        "cIO": 1,
        "gIO": 1,
        "mIO": 1,
        "x": 80,
        "y": 70,
        "autoIO": true,
        "valid": [
          "\"{id:\\\"minecraft:ender_pearl\\\",Count:1,Damage:0s}\""
        ]
      },
      {
        "cIO": 1,
        "gIO": 1,
        "mIO": 1,
        "x": 113,
        "y": 70,
        "autoIO": true,
        "valid": [
          "\"{id:\\\"minecraft:ender_pearl\\\",Count:1,Damage:0s}\""
        ]
      },
      {
        "cIO": 0,
        "gIO": 0,
        "mIO": 0,
        "x": 24,
        "y": 39,
        "autoIO": true
      },
      {
        "cIO": 0,
        "gIO": 0,
        "mIO": 0,
        "x": 62,
        "y": 40,
        "autoIO": true
      },
      {
        "cIO": 0,
        "gIO": 0,
        "mIO": 0,
        "x": 96,
        "y": 40,
        "autoIO": true
      },
      {
        "cIO": 0,
        "gIO": 0,
        "mIO": 0,
        "x": 132,
        "y": 40,
        "autoIO": true
      }
    ]
  },
  "properties": {
    "rotationState": "ALL",
    "showInJei": true,
    "isOpaque": true,
    "hasCollision": true,
    "destroyTime": 1.5,
    "explosionResistance": 10.0,
    "harvestLevel": 1,
    "stackSize": 64,
    "tabGroup": "multiblocked"
  },
  "status": {
    "unformed": {
      "renderer": {
        "state": {
          "id": "tconstruct:smeltery_controller",
          "meta": 5
        },
        "type": "blockstate"
      }
    },
    "idle": {
      "parent": "unformed"
    },
    "working": {
      "parent": "idle"
    },
    "suspend": {
      "parent": "working"
    }
  },
  "recipeMap": "ender_pearl",
  "catalyst": "{id:\"actuallyadditions:block_misc\",Count:1,Damage:6s}",
  "consumeCatalyst": "NOT_CONSUMED",
  "noNeedController": false,
  "basePattern": {
    "structureDir": [
      "RIGHT",
      "UP",
      "FRONT"
    ],
    "pattern": [
      [
        " AAA ",
        " AAA ",
        " AAA "
      ],
      [
        "ABBBA",
        "ACCCA",
        "ADDDA"
      ],
      [
        "ABBBA",
        "ECCCE",
        "ADDDA"
      ],
      [
        "ABBBA",
        "ACCCA",
        "ADDDA"
      ],
      [
        " AAA ",
        " A@A ",
        " AAA "
      ]
    ],
    "aisleRepetitions": [
      [
        1,
        1
      ],
      [
        1,
        1
      ],
      [
        1,
        1
      ],
      [
        1,
        1
      ],
      [
        1,
        1
      ]
    ],
    "predicates": {
      "A": {
        "states": [
          {
            "id": "tconstruct:seared",
            "meta": 6
          }
        ],
        "type": "states"
      },
      "controller": {
        "location": "sakuracloud:ender_pearl",
        "type": "component"
      },
      "B": {
        "states": [
          {
            "id": "tconstruct:seared",
            "meta": 3
          }
        ],
        "type": "states"
      },
      "C": {
        "states": [
          {
            "id": "actuallyadditions:block_misc",
            "meta": 6
          }
        ],
        "type": "states"
      },
      "D": {
        "states": [
          {
            "id": "thermalfoundation:fluid_ender",
            "meta": 0
          }
        ],
        "type": "states"
      },
      "E": {
        "states": [
          {
            "id": "tconstruct:seared_tank",
            "meta": 0
          }
        ],
        "type": "states"
      },
      "air": {
        "type": "air"
      },
      "any": {
        "type": "any"
      }
    },
    "symbolMap": {
      "@": [
        "controller"
      ],
      " ": [
        "any"
      ],
      "A": [
        "A"
      ],
      "B": [
        "B"
      ],
      "C": [
        "C"
      ],
      "D": [
        "D"
      ],
      "E": [
        "E"
      ],
      "-": [
        "air"
      ]
    }
  }
}