{
  "version": 2,
  "location": "sakuracloud:energy_hatch",
  "traits": {
    "forge_energy": {
      "cIO": 2,
      "gIO": 2,
      "x": 31,
      "y": 63,
      "width": 120,
      "height": 30,
      "texture": "multiblocked:textures/gui/energy_bar.png",
      "fillDirection": 0,
      "capacity": 2147483647,
      "maxReceive": 2147483647,
      "maxExtract": 2147483647
    }
  },
  "properties": {
    "rotationState": "ALL",
    "showInJei": true,
    "isOpaque": true,
    "hasCollision": true,
    "destroyTime": 1.5,
    "explosionResistance": 10.0,
    "harvestLevel": 1,
    "stackSize": 64,
    "tabGroup": "multiblocked"
  },
  "status": {
    "unformed": {
      "renderer": {
        "state": {
          "id": "gugu-utils:energyoutputport",
          "meta": 0
        },
        "type": "blockstate"
      }
    },
    "idle": {
      "parent": "unformed"
    },
    "working": {
      "parent": "idle"
    },
    "suspend": {
      "parent": "working"
    }
  },
  "canShared": true
}