{
  "name": "astral_extruder",
  "progressTexture": "multiblocked:textures/gui/progress_bar_arrow.png",
  "fuelTexture": "multiblocked:textures/gui/progress_bar_fuel.png",
  "fuelThreshold": 100,
  "recipes": [
    {
      "uid": "d7ff7357-ad47-4ddb-9320-e4e36542011a",
      "duration": 600,
      "inputs": {
        "starlight_as": [
          {
            "chance": 1.0,
            "content": {
              "starlight": 800
            }
          }
        ],
        "fluid": [
          {
            "chance": 0.0,
            "content": "{FluidName:\"witchwater\",Amount:1000}"
          },
          {
            "chance": 0.0,
            "content": "{FluidName:\"astralsorcery.liquidstarlight\",Amount:1000}"
          }
        ]
      },
      "outputs": {
        "item": [
          {
            "chance": 1.0,
            "content": {
              "amount": 2,
              "matches": [
                "{id:\"minecraft:soul_sand\",Count:2,Damage:0s}"
              ]
            }
          }
        ]
      }
    },
    {
      "uid": "14e44bd7-f61a-4d84-9c26-e6413e5fbd5d",
      "duration": 2400,
      "inputs": {
        "item": [
          {
            "chance": 1.0,
            "content": {
              "amount": 16,
              "matches": [
                "{id:\"minecraft:redstone\",Count:16,Damage:0s}"
              ]
            }
          }
        ],
        "starlight_as": [
          {
            "chance": 1.0,
            "content": {
              "starlight": 800
            }
          }
        ],
        "fluid": [
          {
            "chance": 1.0,
            "content": "{FluidName:\"lava\",Amount:4000}"
          }
        ]
      },
      "outputs": {
        "item": [
          {
            "chance": 1.0,
            "content": {
              "amount": 64,
              "matches": [
                "{id:\"minecraft:netherrack\",Count:64,Damage:0s}"
              ]
            }
          }
        ]
      }
    },
    {
      "uid": "0bc42606-45ed-4381-8fb5-11db4fc07ab5",
      "duration": 6000,
      "inputs": {
        "item": [
          {
            "chance": 0.0,
            "content": {
              "amount": 4,
              "matches": [
                "{id:\"environmentaltech:void_ore_miner_cont_1\",Count:4,Damage:0s}"
              ]
            }
          }
        ],
        "starlight_as": [
          {
            "chance": 1.0,
            "content": {
              "starlight": 12000
            }
          }
        ]
      },
      "outputs": {
        "item": [
          {
            "chance": 1.0,
            "content": {
              "amount": 64,
              "matches": [
                "{id:\"environmentaltech:erodium_crystal\",Count:64,Damage:0s}"
              ]
            }
          }
        ]
      }
    },
    {
      "uid": "dbcf0e3b-ad13-438d-adbc-aee03415a108",
      "duration": 2400,
      "inputs": {
        "item": [
          {
            "chance": 1.0,
            "content": {
              "amount": 16,
              "matches": [
                "{id:\"appliedenergistics2:material\",Count:16,Damage:45s}"
              ]
            }
          }
        ],
        "starlight_as": [
          {
            "chance": 1.0,
            "content": {
              "starlight": 800
            }
          }
        ],
        "fluid": [
          {
            "chance": 1.0,
            "content": "{FluidName:\"lava\",Amount:4000}"
          }
        ]
      },
      "outputs": {
        "item": [
          {
            "chance": 1.0,
            "content": {
              "amount": 64,
              "matches": [
                "{id:\"appliedenergistics2:sky_stone_block\",Count:64,Damage:0s}"
              ]
            }
          }
        ]
      }
    },
    {
      "uid": "454cfcb0-410c-42c3-8852-581ba57724ca",
      "duration": 50,
      "inputs": {
        "starlight_as": [
          {
            "chance": 1.0,
            "content": {
              "starlight": 800
            }
          }
        ],
        "fluid": [
          {
            "chance": 0.0,
            "content": "{FluidName:\"water\",Amount:1000}"
          },
          {
            "chance": 0.0,
            "content": "{FluidName:\"witchwater\",Amount:1000}"
          }
        ]
      },
      "outputs": {
        "item": [
          {
            "chance": 1.0,
            "content": {
              "amount": 4,
              "matches": [
                "{id:\"minecraft:dirt\",Count:4,Damage:0s}"
              ]
            }
          }
        ]
      }
    },
    {
      "uid": "e111f5f4-7195-469b-baaa-c82b8c8f7a8b",
      "duration": 50,
      "inputs": {
        "starlight_as": [
          {
            "chance": 1.0,
            "content": {
              "starlight": 800
            }
          }
        ],
        "fluid": [
          {
            "chance": 0.0,
            "content": "{FluidName:\"witchwater\",Amount:1000}"
          },
          {
            "chance": 0.0,
            "content": "{FluidName:\"lava\",Amount:1000}"
          }
        ]
      },
      "outputs": {
        "item": [
          {
            "chance": 0.25,
            "content": {
              "amount": 4,
              "matches": [
                "{id:\"minecraft:stone\",Count:4,Damage:1s}"
              ]
            }
          },
          {
            "chance": 0.25,
            "content": {
              "amount": 4,
              "matches": [
                "{id:\"minecraft:stone\",Count:4,Damage:5s}"
              ]
            }
          },
          {
            "chance": 0.25,
            "content": {
              "amount": 4,
              "matches": [
                "{id:\"minecraft:stone\",Count:4,Damage:3s}"
              ]
            }
          }
        ]
      }
    },
    {
      "uid": "828a32d9-0f99-403d-878a-ef21386896ae",
      "duration": 1,
      "inputs": {
        "item": [
          {
            "chance": 1.0,
            "content": {
              "amount": 1,
              "matches": [
                "{id:\"minecraft:sand\",Count:1,Damage:0s}"
              ]
            }
          }
        ],
        "starlight_as": [
          {
            "chance": 1.0,
            "content": {
              "starlight": 800
            }
          }
        ],
        "fluid": [
          {
            "chance": 0.0,
            "content": "{FluidName:\"petrotheum\",Amount:4000}"
          },
          {
            "chance": 0.0,
            "content": "{FluidName:\"astralsorcery.liquidstarlight\",Amount:4000}"
          }
        ]
      },
      "outputs": {
        "item": [
          {
            "chance": 1.0,
            "content": {
              "amount": 1,
              "matches": [
                "{id:\"exnihilocreatio:block_dust\",Count:1,Damage:0s}"
              ]
            }
          }
        ]
      }
    },
    {
      "uid": "c9649e4d-3b30-4bbd-85ae-1ec1f9c76814",
      "duration": 3600,
      "inputs": {
        "item": [
          {
            "chance": 1.0,
            "content": {
              "amount": 16,
              "matches": [
                "{id:\"minecraft:glowstone_dust\",Count:16,Damage:0s}"
              ]
            }
          }
        ],
        "starlight_as": [
          {
            "chance": 1.0,
            "content": {
              "starlight": 800
            }
          }
        ],
        "fluid": [
          {
            "chance": 1.0,
            "content": "{FluidName:\"lava\",Amount:4000}"
          }
        ]
      },
      "outputs": {
        "item": [
          {
            "chance": 1.0,
            "content": {
              "amount": 64,
              "matches": [
                "{id:\"minecraft:end_stone\",Count:64,Damage:0s}"
              ]
            }
          }
        ]
      }
    },
    {
      "uid": "a2506163-cdf5-482b-8b6e-40aebeac89b2",
      "duration": 100,
      "inputs": {
        "item": [
          {
            "chance": 0.0,
            "content": {
              "amount": 4,
              "matches": [
                "{id:\"environmentaltech:void_res_miner_cont_1\",Count:4,Damage:0s}"
              ]
            }
          },
          {
            "chance": 0.0,
            "content": {
              "amount": 4,
              "matches": [
                "{id:\"environmentaltech:laser_lens_colored\",Count:4,Damage:0s}"
              ]
            }
          }
        ],
        "starlight_as": [
          {
            "chance": 1.0,
            "content": {
              "starlight": 20000
            }
          }
        ]
      },
      "outputs": {
        "item": [
          {
            "chance": 1.0,
            "content": {
              "amount": 1,
              "matches": [
                "{id:\"environmentaltech:mica\",Count:1,Damage:0s}"
              ]
            }
          },
          {
            "chance": 0.75,
            "content": {
              "amount": 1,
              "matches": [
                "{id:\"environmentaltech:mica\",Count:1,Damage:0s}"
              ]
            }
          },
          {
            "chance": 0.5,
            "content": {
              "amount": 1,
              "matches": [
                "{id:\"environmentaltech:mica\",Count:1,Damage:0s}"
              ]
            }
          },
          {
            "chance": 0.25,
            "content": {
              "amount": 1,
              "matches": [
                "{id:\"environmentaltech:mica\",Count:1,Damage:0s}"
              ]
            }
          }
        ]
      }
    },
    {
      "uid": "bf49989f-0fd9-48fd-a405-32a98968f993",
      "duration": 50,
      "inputs": {
        "starlight_as": [
          {
            "chance": 1.0,
            "content": {
              "starlight": 800
            }
          }
        ],
        "fluid": [
          {
            "chance": 0.0,
            "content": "{FluidName:\"water\",Amount:1000}"
          },
          {
            "chance": 0.0,
            "content": "{FluidName:\"lava\",Amount:1000}"
          }
        ]
      },
      "outputs": {
        "item": [
          {
            "chance": 1.0,
            "content": {
              "amount": 4,
              "matches": [
                "{id:\"minecraft:cobblestone\",Count:4,Damage:0s}"
              ]
            }
          }
        ]
      }
    },
    {
      "uid": "1367ef9e-01e0-45cc-9839-cf4e331261f9",
      "duration": 100,
      "inputs": {
        "item": [
          {
            "chance": 1.0,
            "content": {
              "amount": 1,
              "matches": [
                "{id:\"minecraft:cobblestone\",Count:1,Damage:0s}",
                "{id:\"minecraft:stone\",Count:1,Damage:0s}"
              ]
            }
          }
        ],
        "starlight_as": [
          {
            "chance": 1.0,
            "content": {
              "starlight": 800
            }
          }
        ],
        "fluid": [
          {
            "chance": 0.0,
            "content": "{FluidName:\"menrilresin\",Amount:1000}"
          }
        ]
      },
      "outputs": {
        "item": [
          {
            "chance": 1.0,
            "content": {
              "amount": 2,
              "matches": [
                "{id:\"astralsorcery:blockmarble\",Count:2,Damage:0s}"
              ]
            }
          }
        ]
      }
    },
    {
      "uid": "ffa2f883-6cfc-4498-8409-51d0b811479f",
      "duration": 1200,
      "inputs": {
        "item": [
          {
            "chance": 0.0,
            "content": {
              "amount": 1,
              "matches": [
                "{id:\"minecraft:water_bucket\",Count:1,Damage:0s}"
              ]
            }
          }
        ],
        "starlight_as": [
          {
            "chance": 1.0,
            "content": {
              "starlight": 800
            }
          }
        ],
        "fluid": [
          {
            "chance": 0.25,
            "content": "{FluidName:\"lava\",Amount:16000}"
          },
          {
            "chance": 0.25,
            "content": "{FluidName:\"lava\",Amount:16000}"
          }
        ]
      },
      "outputs": {
        "item": [
          {
            "chance": 1.0,
            "content": {
              "amount": 64,
              "matches": [
                "{id:\"minecraft:obsidian\",Count:64,Damage:0s}"
              ]
            }
          }
        ]
      }
    }
  ]
}