{
  "name": "crystal_greenhouse",
  "progressTexture": "multiblocked:textures/gui/progress_bar_arrow.png",
  "fuelTexture": "multiblocked:textures/gui/progress_bar_fuel.png",
  "fuelThreshold": 100,
  "recipes": [
    {
      "uid": "4743b840-9c9a-4b7c-b64b-361cee445ebf",
      "duration": 1200,
      "inputs": {
        "item": [
          {
            "chance": 1.0,
            "content": {
              "amount": 8,
              "matches": [
                "{id:\"appliedenergistics2:material\",Count:8,Damage:1s}"
              ]
            }
          },
          {
            "chance": 1.0,
            "content": {
              "amount": 8,
              "matches": [
                "{id:\"minecraft:redstone\",Count:8,Damage:0s}"
              ]
            }
          },
          {
            "chance": 1.0,
            "content": {
              "amount": 8,
              "matches": [
                "{id:\"minecraft:quartz\",Count:8,Damage:0s}"
              ]
            }
          },
          {
            "chance": 1.0,
            "content": {
              "amount": 1,
              "matches": [
                "{id:\"prodigytech:energion_dust\",Count:1,Damage:0s}"
              ]
            }
          }
        ]
      },
      "outputs": {
        "item": [
          {
            "chance": 1.0,
            "content": {
              "amount": 32,
              "matches": [
                "{id:\"appliedenergistics2:material\",Count:32,Damage:7s}"
              ]
            }
          }
        ]
      }
    },
    {
      "uid": "crystal_2",
      "duration": 1200,
      "inputs": {
        "item": [
          {
            "chance": 1.0,
            "content": {
              "amount": 64,
              "matches": [
                "{id:\"prodigytech:energion_crystal_seed\",Count:64,Damage:0s}"
              ]
            }
          },
          {
            "chance": 0.5,
            "content": {
              "amount": 32,
              "matches": [
                "{id:\"prodigytech:energion_dust\",Count:32,Damage:0s}"
              ]
            }
          }
        ]
      },
      "outputs": {
        "item": [
          {
            "chance": 1.0,
            "content": {
              "amount": 128,
              "matches": [
                "{id:\"prodigytech:energion_crystal_seed\",Count:128,Damage:0s}"
              ]
            }
          },
          {
            "chance": 1.0,
            "content": {
              "amount": 32,
              "matches": [
                "{id:\"prodigytech:energion_dust\",Count:32,Damage:0s}"
              ]
            }
          }
        ]
      }
    },
    {
      "uid": "crystal_3",
      "duration": 1200,
      "inputs": {
        "item": [
          {
            "chance": 0.0,
            "content": {
              "amount": 1,
              "matches": [
                "{id:\"appliedenergistics2:material\",Count:1,Damage:1s}"
              ]
            }
          },
          {
            "chance": 1.0,
            "content": {
              "amount": 2,
              "matches": [
                "{id:\"prodigytech:energion_dust\",Count:2,Damage:0s}"
              ]
            }
          }
        ]
      },
      "outputs": {
        "item": [
          {
            "chance": 1.0,
            "content": {
              "amount": 32,
              "matches": [
                "{id:\"appliedenergistics2:material\",Count:32,Damage:1s}"
              ]
            }
          }
        ]
      }
    },
    {
      "uid": "crystal_4",
      "duration": 1200,
      "inputs": {
        "item": [
          {
            "chance": 0.0,
            "content": {
              "amount": 1,
              "matches": [
                "{id:\"appliedenergistics2:material\",Count:1,Damage:0s}"
              ]
            }
          },
          {
            "chance": 1.0,
            "content": {
              "amount": 1,
              "matches": [
                "{id:\"prodigytech:energion_dust\",Count:1,Damage:0s}"
              ]
            }
          }
        ]
      },
      "outputs": {
        "item": [
          {
            "chance": 1.0,
            "content": {
              "amount": 32,
              "matches": [
                "{id:\"appliedenergistics2:material\",Count:32,Damage:0s}"
              ]
            }
          }
        ]
      }
    }
  ]
}