{
  "name": "primordium",
  "progressTexture": "multiblocked:textures/gui/progress_bar_arrow.png",
  "fuelTexture": "multiblocked:textures/gui/progress_bar_fuel.png",
  "fuelThreshold": 100,
  "recipes": [
    {
      "uid": "primordium",
      "duration": 100,
      "inputs": {
        "item": [
          {
            "chance": 0.0,
            "content": {
              "amount": 64,
              "matches": [
                "{id:\"prodigytech:energion_dust\",Count:64,Damage:0s}"
              ]
            }
          }
        ]
      },
      "outputs": {
        "item": [
          {
            "chance": 1.0,
            "content": {
              "amount": 16,
              "matches": [
                "{id:\"prodigytech:primordium\",Count:16,Damage:0s}"
              ]
            }
          },
          {
            "chance": 0.5,
            "content": {
              "amount": 16,
              "matches": [
                "{id:\"prodigytech:primordium\",Count:16,Damage:0s}"
              ]
            }
          },
          {
            "chance": 0.25,
            "content": {
              "amount": 16,
              "matches": [
                "{id:\"prodigytech:primordium\",Count:16,Damage:0s}"
              ]
            }
          }
        ]
      },
      "tickInputs": {
        "forge_energy": [
          {
            "chance": 1.0,
            "content": 2000
          }
        ]
      }
    }
  ]
}