{
  "name": "advanced_fluid_generator",
  "progressTexture": "multiblocked:textures/gui/progress_bar_arrow.png",
  "fuelTexture": "multiblocked:textures/gui/progress_bar_fuel.png",
  "fuelThreshold": 100,
  "recipes": [
    {
      "uid": "e6d2a7fd-9269-4964-a645-b11041621273",
      "duration": 80,
      "inputs": {
        "fluid": [
          {
            "chance": 1.0,
            "content": "{FluidName:\"steam\",Amount:1000}"
          }
        ]
      },
      "tickOutputs": {
        "forge_energy": [
          {
            "chance": 1.0,
            "content": 3600
          }
        ]
      }
    },
    {
      "uid": "9ed37b6b-baeb-47ff-8f29-0683eb25df17",
      "duration": 200,
      "inputs": {
        "fluid": [
          {
            "chance": 1.0,
            "content": "{FluidName:\"empoweredoil\",Amount:1000}"
          }
        ]
      },
      "tickOutputs": {
        "forge_energy": [
          {
            "chance": 1.0,
            "content": 7000
          }
        ]
      }
    },
    {
      "uid": "5b5e2f06-410d-4b38-9a50-d0cd82a0ca7d",
      "duration": 1200,
      "inputs": {
        "fluid": [
          {
            "chance": 1.0,
            "content": "{FluidName:\"cryotheum\",Amount:2000}"
          },
          {
            "chance": 1.0,
            "content": "{FluidName:\"pyrotheum\",Amount:2000}"
          },
          {
            "chance": 1.0,
            "content": "{FluidName:\"petrotheum\",Amount:2000}"
          },
          {
            "chance": 1.0,
            "content": "{FluidName:\"aerotheum\",Amount:2000}"
          }
        ]
      },
      "tickOutputs": {
        "forge_energy": [
          {
            "chance": 1.0,
            "content": 16384
          }
        ]
      }
    },
    {
      "uid": "553aee55-11c2-490d-a41c-95a8447eae34",
      "duration": 40,
      "inputs": {
        "fluid": [
          {
            "chance": 1.0,
            "content": "{FluidName:\"liquidfusionfuel\",Amount:1000}"
          }
        ]
      },
      "tickOutputs": {
        "forge_energy": [
          {
            "chance": 1.0,
            "content": 37500
          }
        ]
      }
    },
    {
      "uid": "0e05be79-c47f-4fe2-be5f-fdc65389c1de",
      "duration": 200,
      "inputs": {
        "fluid": [
          {
            "chance": 1.0,
            "content": "{FluidName:\"melodic_alloy\",Amount:1000}"
          }
        ]
      },
      "tickOutputs": {
        "forge_energy": [
          {
            "chance": 1.0,
            "content": 16384
          }
        ]
      }
    },
    {
      "uid": "8288dbc7-70c4-4c43-b8cd-05b5fe2dc84b",
      "duration": 400,
      "inputs": {
        "fluid": [
          {
            "chance": 1.0,
            "content": "{FluidName:\"lpg\",Amount:1000}"
          }
        ]
      },
      "tickOutputs": {
        "forge_energy": [
          {
            "chance": 1.0,
            "content": 2400
          }
        ]
      }
    },
    {
      "uid": "7d2b3a74-4310-4d29-b5b3-73f7cc48e71b",
      "duration": 300,
      "inputs": {
        "fluid": [
          {
            "chance": 1.0,
            "content": "{FluidName:\"oil\",Amount:4000}"
          }
        ]
      },
      "outputs": {
        "fluid": [
          {
            "chance": 1.0,
            "content": "{FluidName:\"plastic\",Amount:4000}"
          }
        ]
      },
      "tickOutputs": {
        "forge_energy": [
          {
            "chance": 1.0,
            "content": 7500
          }
        ]
      }
    },
    {
      "uid": "b2e79c34-5cd0-4c50-a8f6-a337400ca561",
      "duration": 200,
      "inputs": {
        "fluid": [
          {
            "chance": 1.0,
            "content": "{FluidName:\"xpjuice\",Amount:1000}"
          }
        ]
      },
      "tickOutputs": {
        "forge_energy": [
          {
            "chance": 1.0,
            "content": 3400
          }
        ]
      }
    },
    {
      "uid": "ba154ef3-7598-4624-86f3-48fa00acd547",
      "duration": 200,
      "inputs": {
        "fluid": [
          {
            "chance": 1.0,
            "content": "{FluidName:\"lava\",Amount:1000}"
          }
        ]
      },
      "tickOutputs": {
        "forge_energy": [
          {
            "chance": 1.0,
            "content": 3200
          }
        ]
      }
    },
    {
      "uid": "54eb5ad6-409e-402a-b19a-399301c12b5f",
      "duration": 1,
      "inputs": {
        "fluid": [
          {
            "chance": 1.0,
            "content": "{FluidName:\"heavywater\",Amount:4000}"
          },
          {
            "chance": 1.0,
            "content": "{FluidName:\"brine\",Amount:4000}"
          }
        ]
      },
      "outputs": {
        "fluid": [
          {
            "chance": 1.0,
            "content": "{FluidName:\"liquiddeuterium\",Amount:250}"
          },
          {
            "chance": 1.0,
            "content": "{FluidName:\"liquidtritium\",Amount:250}"
          }
        ],
        "forge_energy": [
          {
            "chance": 1.0,
            "content": 5000
          }
        ]
      }
    },
    {
      "uid": "1481fb62-2a44-4f0f-8029-d0537a24802d",
      "duration": 200,
      "inputs": {
        "fluid": [
          {
            "chance": 1.0,
            "content": "{FluidName:\"witchwater\",Amount:1000}"
          }
        ]
      },
      "tickOutputs": {
        "forge_energy": [
          {
            "chance": 1.0,
            "content": 2800
          }
        ]
      }
    },
    {
      "uid": "918d90c6-c617-4323-8022-596fac2fa5b6",
      "duration": 400,
      "inputs": {
        "fluid": [
          {
            "chance": 1.0,
            "content": "{FluidName:\"pyrotheum\",Amount:4000}"
          },
          {
            "chance": 0.0,
            "content": "{FluidName:\"astralsorcery.liquidstarlight\",Amount:1000}"
          }
        ]
      },
      "outputs": {
        "fluid": [
          {
            "chance": 1.0,
            "content": "{FluidName:\"lava\",Amount:2000}"
          }
        ]
      },
      "tickOutputs": {
        "forge_energy": [
          {
            "chance": 1.0,
            "content": 8192
          }
        ]
      }
    }
  ]
}