{
  "name": "astral_soul",
  "progressTexture": "multiblocked:textures/gui/progress_bar_arrow.png",
  "fuelTexture": "multiblocked:textures/gui/progress_bar_fuel.png",
  "fuelThreshold": 100,
  "recipes": [
    {
      "uid": "633c5d3a-c7d1-400a-a15a-f2545e889c0f",
      "duration": 100,
      "inputs": {
        "item": [
          {
            "chance": 0.0,
            "content": {
              "amount": 1,
              "matches": [
                "{id:\"randomthings:spectresapling\",Count:1,Damage:0s}"
              ]
            }
          },
          {
            "chance": 0.0,
            "content": {
              "amount": 1,
              "matches": [
                "{id:\"randomthings:spectreenergyinjector\",Count:1,Damage:0s}"
              ]
            }
          }
        ],
        "fluid": [
          {
            "chance": 1.0,
            "content": "{FluidName:\"astralsorcery.liquidstarlight\",Amount:4000}"
          }
        ]
      },
      "outputs": {
        "item": [
          {
            "chance": 1.0,
            "content": {
              "amount": 32,
              "matches": [
                "{id:\"randomthings:ingredient\",Count:32,Damage:2s}"
              ]
            }
          }
        ]
      }
    },
    {
      "uid": "e022d7ee-a407-4af2-b3b4-955f464003ea",
      "duration": 100,
      "inputs": {
        "item": [
          {
            "chance": 0.0,
            "content": {
              "amount": 1,
              "matches": [
                "{id:\"randomthings:spectresapling\",Count:1,Damage:0s}"
              ]
            }
          },
          {
            "chance": 0.0,
            "content": {
              "amount": 1,
              "matches": [
                "{id:\"randomthings:spectrelens\",Count:1,Damage:0s}"
              ]
            }
          }
        ],
        "fluid": [
          {
            "chance": 1.0,
            "content": "{FluidName:\"astralsorcery.liquidstarlight\",Amount:1000}"
          }
        ]
      },
      "outputs": {
        "item": [
          {
            "chance": 1.0,
            "content": {
              "amount": 4,
              "matches": [
                "{id:\"randomthings:ingredient\",Count:4,Damage:2s}"
              ]
            }
          }
        ]
      }
    },
    {
      "uid": "a6f73c16-019e-42c5-8031-c619568715dd",
      "duration": 100,
      "inputs": {
        "item": [
          {
            "chance": 0.0,
            "content": {
              "amount": 1,
              "matches": [
                "{id:\"ivonesky:log_alter\",Count:1,Damage:0s}"
              ]
            }
          },
          {
            "chance": 0.0,
            "content": {
              "amount": 1,
              "matches": [
                "{id:\"minecraft:sapling\",Count:1,Damage:1s}"
              ]
            }
          }
        ],
        "fluid": [
          {
            "chance": 1.0,
            "content": "{FluidName:\"astralsorcery.liquidstarlight\",Amount:16000}"
          }
        ]
      },
      "outputs": {
        "item": [
          {
            "chance": 1.0,
            "content": {
              "amount": 1024,
              "matches": [
                "{id:\"minecraft:log\",Count:1024,Damage:1s}"
              ]
            }
          }
        ]
      }
    },
    {
      "uid": "aac11d9f-e185-4e04-b9ad-4de39da1ae74",
      "duration": 100,
      "inputs": {
        "item": [
          {
            "chance": 0.0,
            "content": {
              "amount": 1,
              "matches": [
                "{id:\"ivonesky:log_alter\",Count:1,Damage:0s}"
              ]
            }
          },
          {
            "chance": 0.0,
            "content": {
              "amount": 1,
              "matches": [
                "{id:\"minecraft:sapling\",Count:1,Damage:0s}"
              ]
            }
          }
        ],
        "fluid": [
          {
            "chance": 1.0,
            "content": "{FluidName:\"astralsorcery.liquidstarlight\",Amount:16000}"
          }
        ]
      },
      "outputs": {
        "item": [
          {
            "chance": 1.0,
            "content": {
              "amount": 1024,
              "matches": [
                "{id:\"minecraft:log\",Count:1024,Damage:0s}"
              ]
            }
          }
        ]
      }
    }
  ]
}