{
  "name": "charger",
  "progressTexture": "multiblocked:textures/gui/progress_bar_arrow.png",
  "fuelTexture": "multiblocked:textures/gui/progress_bar_fuel.png",
  "recipes": [
    {
      "uid": "3b40fd5e-2368-4e9a-b7be-75d7922e00b2",
      "duration": 64,
      "inputs": {
        "item": [
          {
            "chance": 0.0,
            "content": {
              "amount": 1,
              "matches": [
                "{id:\"ivonesky:gearmould\",Count:1,Damage:0s}"
              ]
            }
          },
          {
            "chance": 1.0,
            "content": {
              "amount": 64,
              "matches": [
                "{id:\"extendedcrafting:material\",Count:64,Damage:0s}"
              ]
            }
          },
          {
            "chance": 1.0,
            "content": {
              "amount": 64,
              "matches": [
                "{id:\"extendedcrafting:material\",Count:64,Damage:0s}"
              ]
            }
          },
          {
            "chance": 1.0,
            "content": {
              "amount": 1024,
              "ore": "cobblestone"
            }
          }
        ]
      },
      "outputs": {
        "item": [
          {
            "chance": 1.0,
            "content": {
              "amount": 128,
              "matches": [
                "{id:\"contenttweaker:yanjiu2\",Count:128,Damage:0s}"
              ]
            }
          }
        ]
      },
      "tickInputs": {
        "forge_energy": [
          {
            "chance": 1.0,
            "content": 320000
          }
        ]
      }
    },
    {
      "uid": "85ad3b86-f39e-4c3e-bee1-8b115ca15916",
      "duration": 1,
      "inputs": {
        "item": [
          {
            "chance": 1.0,
            "content": {
              "amount": 64,
              "ore": "gemDiamond"
            }
          },
          {
            "chance": 1.0,
            "content": {
              "amount": 64,
              "matches": [
                "{id:\"minecraft:redstone\",Count:64,Damage:0s}"
              ]
            }
          },
          {
            "chance": 1.0,
            "content": {
              "amount": 64,
              "ore": "itemSilicon"
            }
          }
        ]
      },
      "outputs": {
        "item": [
          {
            "chance": 1.0,
            "content": {
              "amount": 128,
              "matches": [
                "{id:\"appliedenergistics2:material\",Count:128,Damage:24s}"
              ]
            }
          }
        ]
      }
    },
    {
      "uid": "821c5e0b-c07e-4791-b243-875b51c80570",
      "duration": 300,
      "inputs": {
        "item": [
          {
            "chance": 1.0,
            "content": {
              "amount": 10,
              "matches": [
                "{id:\"avaritia:resource\",Count:10,Damage:4s}"
              ]
            }
          },
          {
            "chance": 1.0,
            "content": {
              "amount": 10,
              "matches": [
                "{id:\"avaritia:resource\",Count:10,Damage:1s}"
              ]
            }
          },
          {
            "chance": 1.0,
            "content": {
              "amount": 10,
              "matches": [
                "{id:\"avaritia:resource\",Count:10,Damage:0s}"
              ]
            }
          },
          {
            "chance": 1.0,
            "content": {
              "amount": 10,
              "matches": [
                "{id:\"contenttweaker:yanjiu6\",Count:10,Damage:0s}"
              ]
            }
          },
          {
            "chance": 1.0,
            "content": {
              "amount": 5,
              "matches": [
                "{id:\"contenttweaker:yanjiu4\",Count:5,Damage:0s}"
              ]
            }
          },
          {
            "chance": 1.0,
            "content": {
              "amount": 1,
              "matches": [
                "{id:\"contenttweaker:yanjiu5\",Count:1,Damage:0s}"
              ]
            }
          },
          {
            "chance": 1.0,
            "content": {
              "amount": 5,
              "matches": [
                "{id:\"contenttweaker:yanjiu2\",Count:5,Damage:0s}"
              ]
            }
          },
          {
            "chance": 1.0,
            "content": {
              "amount": 10,
              "matches": [
                "{id:\"contenttweaker:ingot2\",Count:10,Damage:0s}"
              ]
            }
          },
          {
            "chance": 1.0,
            "content": {
              "amount": 10,
              "matches": [
                "{id:\"extendedcrafting:material\",Count:10,Damage:24s}"
              ]
            }
          },
          {
            "chance": 1.0,
            "content": {
              "amount": 10,
              "matches": [
                "{id:\"astralsorcery:itemcraftingcomponent\",Count:10,Damage:4s}"
              ]
            }
          }
        ]
      },
      "outputs": {
        "item": [
          {
            "chance": 1.0,
            "content": {
              "amount": 1,
              "matches": [
                "{id:\"avaritia:block_resource\",Count:1,Damage:2s}"
              ]
            }
          }
        ]
      },
      "tickInputs": {
        "forge_energy": [
          {
            "chance": 1.0,
            "content": 100000000
          }
        ]
      }
    },
    {
      "uid": "c8adbe41-f882-4ab0-a40c-c286f5e15962",
      "duration": 1,
      "inputs": {
        "item": [
          {
            "chance": 1.0,
            "content": {
              "amount": 16384,
              "ore": "logWood"
            }
          },
          {
            "chance": 1.0,
            "content": {
              "amount": 4,
              "matches": [
                "{id:\"storagedrawers:upgrade_template\",Count:4,Damage:0s}"
              ]
            }
          },
          {
            "chance": 1.0,
            "content": {
              "amount": 4,
              "matches": [
                "{id:\"minecraft:nether_star\",Count:4,Damage:0s}"
              ]
            }
          }
        ]
      },
      "outputs": {
        "item": [
          {
            "chance": 1.0,
            "content": {
              "amount": 4,
              "matches": [
                "{id:\"storagedrawers:upgrade_creative\",Count:4,Damage:0s}"
              ]
            }
          }
        ]
      }
    },
    {
      "uid": "30b5ff56-236f-4397-b2bc-6dafca901a0b",
      "duration": 500,
      "inputs": {
        "item": [
          {
            "chance": 0.0,
            "content": {
              "amount": 1,
              "matches": [
                "{id:\"ivonesky:gearmould\",Count:1,Damage:0s}"
              ]
            }
          },
          {
            "chance": 1.0,
            "content": {
              "amount": 512,
              "ore": "itemSilicon"
            }
          },
          {
            "chance": 1.0,
            "content": {
              "amount": 512,
              "matches": [
                "{id:\"minecraft:redstone\",Count:512,Damage:0s}"
              ]
            }
          },
          {
            "chance": 1.0,
            "content": {
              "amount": 512,
              "matches": [
                "{id:\"actuallyadditions:item_crystal_empowered\",Count:512,Damage:0s}"
              ]
            }
          }
        ]
      },
      "outputs": {
        "item": [
          {
            "chance": 1.0,
            "content": {
              "amount": 128,
              "matches": [
                "{id:\"contenttweaker:yanjiu6\",Count:128,Damage:0s}"
              ]
            }
          }
        ]
      },
      "tickInputs": {
        "forge_energy": [
          {
            "chance": 1.0,
            "content": 640000000
          }
        ]
      }
    },
    {
      "uid": "879baf16-6076-4172-a234-8e3646d7fbd8",
      "duration": 1,
      "inputs": {
        "item": [
          {
            "chance": 1.0,
            "content": {
              "amount": 64,
              "matches": [
                "{id:\"appliedenergistics2:material\",Count:64,Damage:0s}",
                "{id:\"appliedenergistics2:material\",Count:64,Damage:1s}",
                "{id:\"appliedenergistics2:material\",Count:64,Damage:10s}"
              ]
            }
          },
          {
            "chance": 1.0,
            "content": {
              "amount": 64,
              "matches": [
                "{id:\"minecraft:redstone\",Count:64,Damage:0s}"
              ]
            }
          },
          {
            "chance": 1.0,
            "content": {
              "amount": 64,
              "ore": "itemSilicon"
            }
          }
        ]
      },
      "outputs": {
        "item": [
          {
            "chance": 1.0,
            "content": {
              "amount": 128,
              "matches": [
                "{id:\"appliedenergistics2:material\",Count:128,Damage:23s}"
              ]
            }
          }
        ]
      }
    },
    {
      "uid": "bb1375bc-15df-4c9c-a6b1-9cc42d5439d6",
      "duration": 100,
      "inputs": {
        "item": [
          {
            "chance": 1.0,
            "content": {
              "amount": 64,
              "matches": [
                "{id:\"actuallyadditions:block_crystal\",Count:64,Damage:0s}"
              ]
            }
          }
        ]
      },
      "outputs": {
        "item": [
          {
            "chance": 1.0,
            "content": {
              "amount": 64,
              "matches": [
                "{id:\"actuallyadditions:block_crystal_empowered\",Count:64,Damage:0s}"
              ]
            }
          }
        ]
      },
      "tickInputs": {
        "forge_energy": [
          {
            "chance": 1.0,
            "content": 500000
          }
        ]
      }
    },
    {
      "uid": "c952a24f-10a9-4ce0-8cd5-cbac0be945cd",
      "duration": 200,
      "inputs": {
        "item": [
          {
            "chance": 1.0,
            "content": {
              "amount": 640,
              "matches": [
                "{id:\"botania:manaresource\",Count:640,Damage:9s}"
              ]
            }
          },
          {
            "chance": 1.0,
            "content": {
              "amount": 256,
              "matches": [
                "{id:\"botania:manaresource\",Count:256,Damage:4s}"
              ]
            }
          },
          {
            "chance": 1.0,
            "content": {
              "amount": 128,
              "matches": [
                "{id:\"botania:manaresource\",Count:128,Damage:14s}"
              ]
            }
          },
          {
            "chance": 1.0,
            "content": {
              "amount": 512,
              "matches": [
                "{id:\"botania:manaresource\",Count:512,Damage:7s}"
              ]
            }
          }
        ],
        "forge_energy": [
          {
            "chance": 1.0,
            "content": 192000000
          }
        ]
      },
      "outputs": {
        "item": [
          {
            "chance": 1.0,
            "content": {
              "amount": 128,
              "matches": [
                "{id:\"contenttweaker:yanjiu5\",Count:128,Damage:0s}"
              ]
            }
          }
        ]
      }
    },
    {
      "uid": "b8498e9f-4ffe-49f5-a620-f4b929a3fd0e",
      "duration": 100,
      "inputs": {
        "item": [
          {
            "chance": 1.0,
            "content": {
              "amount": 64,
              "matches": [
                "{id:\"actuallyadditions:block_crystal\",Count:64,Damage:2s}"
              ]
            }
          }
        ]
      },
      "outputs": {
        "item": [
          {
            "chance": 1.0,
            "content": {
              "amount": 64,
              "matches": [
                "{id:\"actuallyadditions:block_crystal_empowered\",Count:64,Damage:2s}"
              ]
            }
          }
        ]
      },
      "tickInputs": {
        "forge_energy": [
          {
            "chance": 1.0,
            "content": 500000
          }
        ]
      }
    },
    {
      "uid": "7996f5ee-fa3a-49fd-a1bb-944aff6b47fc",
      "duration": 100,
      "inputs": {
        "item": [
          {
            "chance": 1.0,
            "content": {
              "amount": 64,
              "matches": [
                "{id:\"actuallyadditions:block_crystal\",Count:64,Damage:1s}"
              ]
            }
          }
        ]
      },
      "outputs": {
        "item": [
          {
            "chance": 1.0,
            "content": {
              "amount": 64,
              "matches": [
                "{id:\"actuallyadditions:block_crystal_empowered\",Count:64,Damage:1s}"
              ]
            }
          }
        ]
      },
      "tickInputs": {
        "forge_energy": [
          {
            "chance": 1.0,
            "content": 500000
          }
        ]
      }
    },
    {
      "uid": "6498f6a5-a5b5-4317-8b1c-ce3f3d700dfc",
      "duration": 1,
      "inputs": {
        "item": [
          {
            "chance": 1.0,
            "content": {
              "amount": 4096,
              "matches": [
                "{id:\"contenttweaker:yanjiu2\",Count:4096,Damage:0s}"
              ]
            }
          },
          {
            "chance": 1.0,
            "content": {
              "amount": 2048,
              "matches": [
                "{id:\"contenttweaker:yanjiu1\",Count:2048,Damage:0s}"
              ]
            }
          },
          {
            "chance": 1.0,
            "content": {
              "amount": 1024,
              "matches": [
                "{id:\"contenttweaker:yanjiu6\",Count:1024,Damage:0s}"
              ]
            }
          }
        ],
        "forge_energy": [
          {
            "chance": 1.0,
            "content": 500000000
          }
        ]
      },
      "outputs": {
        "item": [
          {
            "chance": 1.0,
            "content": {
              "amount": 32,
              "matches": [
                "{id:\"sakuracloud:singularity_block\",Count:32,Damage:0s}"
              ]
            }
          }
        ]
      }
    },
    {
      "uid": "787c4a61-7961-4ae8-9e94-dac5dc6edb0a",
      "duration": 1,
      "inputs": {
        "item": [
          {
            "chance": 1.0,
            "content": {
              "amount": 64,
              "matches": [
                "{id:\"minecraft:gold_ingot\",Count:64,Damage:0s}"
              ]
            }
          },
          {
            "chance": 1.0,
            "content": {
              "amount": 64,
              "matches": [
                "{id:\"minecraft:redstone\",Count:64,Damage:0s}"
              ]
            }
          },
          {
            "chance": 1.0,
            "content": {
              "amount": 64,
              "ore": "itemSilicon"
            }
          }
        ]
      },
      "outputs": {
        "item": [
          {
            "chance": 1.0,
            "content": {
              "amount": 128,
              "matches": [
                "{id:\"appliedenergistics2:material\",Count:128,Damage:22s}"
              ]
            }
          }
        ]
      }
    },
    {
      "uid": "7873af8e-4bfa-4a04-9b43-e675c767beeb",
      "duration": 100,
      "inputs": {
        "item": [
          {
            "chance": 1.0,
            "content": {
              "amount": 1,
              "matches": [
                "{id:\"ivonesky:gearmould\",Count:1,Damage:0s}"
              ]
            }
          },
          {
            "chance": 1.0,
            "content": {
              "amount": 256,
              "matches": [
                "{id:\"magneticraft:light_plates\",Count:256,Damage:3s}"
              ]
            }
          },
          {
            "chance": 1.0,
            "content": {
              "amount": 128,
              "matches": [
                "{id:\"enderio:item_material\",Count:128,Damage:20s}"
              ]
            }
          },
          {
            "chance": 1.0,
            "content": {
              "amount": 1024,
              "matches": [
                "{id:\"minecraft:iron_ingot\",Count:1024,Damage:0s}"
              ]
            }
          }
        ]
      },
      "outputs": {
        "item": [
          {
            "chance": 1.0,
            "content": {
              "amount": 128,
              "matches": [
                "{id:\"contenttweaker:yanjiu1\",Count:128,Damage:0s}"
              ]
            }
          }
        ]
      },
      "tickInputs": {
        "forge_energy": [
          {
            "chance": 1.0,
            "content": 600000
          }
        ]
      }
    },
    {
      "uid": "d8cd84be-ccc9-4c20-91c8-2253465ebdb6",
      "duration": 100,
      "inputs": {
        "item": [
          {
            "chance": 1.0,
            "content": {
              "amount": 64,
              "matches": [
                "{id:\"actuallyadditions:block_crystal\",Count:64,Damage:5s}"
              ]
            }
          }
        ]
      },
      "outputs": {
        "item": [
          {
            "chance": 1.0,
            "content": {
              "amount": 64,
              "matches": [
                "{id:\"actuallyadditions:block_crystal_empowered\",Count:64,Damage:5s}"
              ]
            }
          }
        ]
      },
      "tickInputs": {
        "forge_energy": [
          {
            "chance": 1.0,
            "content": 500000
          }
        ]
      }
    },
    {
      "uid": "16bff9b8-7b60-487c-bedf-7c67b4e4bea1",
      "duration": 100,
      "inputs": {
        "item": [
          {
            "chance": 1.0,
            "content": {
              "amount": 64,
              "matches": [
                "{id:\"exnihilocreatio:item_ore_lead\",Count:64,Damage:0s}"
              ]
            }
          },
          {
            "chance": 1.0,
            "content": {
              "amount": 1,
              "matches": [
                "{id:\"minecraft:diamond_block\",Count:1,Damage:0s}"
              ]
            }
          },
          {
            "chance": 1.0,
            "content": {
              "amount": 16,
              "matches": [
                "{id:\"minecraft:bone\",Count:16,Damage:0s}"
              ]
            }
          },
          {
            "chance": 1.0,
            "content": {
              "amount": 32,
              "matches": [
                "{id:\"naturesaura:gold_leaf\",Count:32,Damage:0s}"
              ]
            }
          },
          {
            "chance": 1.0,
            "content": {
              "amount": 64,
              "matches": [
                "{id:\"minecraft:rotten_flesh\",Count:64,Damage:0s}"
              ]
            }
          }
        ]
      },
      "outputs": {
        "item": [
          {
            "chance": 1.0,
            "content": {
              "amount": 64,
              "matches": [
                "{id:\"contenttweaker:yanjiu1\",Count:64,Damage:0s}"
              ]
            }
          }
        ]
      },
      "tickInputs": {
        "forge_energy": [
          {
            "chance": 1.0,
            "content": 500000
          }
        ]
      }
    },
    {
      "uid": "9e843a68-e20c-49ce-84e3-b7f76ecf2397",
      "duration": 100,
      "inputs": {
        "item": [
          {
            "chance": 1.0,
            "content": {
              "amount": 64,
              "matches": [
                "{id:\"actuallyadditions:block_crystal\",Count:64,Damage:4s}"
              ]
            }
          }
        ]
      },
      "outputs": {
        "item": [
          {
            "chance": 1.0,
            "content": {
              "amount": 64,
              "matches": [
                "{id:\"actuallyadditions:block_crystal_empowered\",Count:64,Damage:4s}"
              ]
            }
          }
        ]
      },
      "tickInputs": {
        "forge_energy": [
          {
            "chance": 1.0,
            "content": 500000
          }
        ]
      }
    },
    {
      "uid": "54da70fe-16e0-480c-8704-9bcb003ef0f1",
      "duration": 100,
      "inputs": {
        "item": [
          {
            "chance": 1.0,
            "content": {
              "amount": 64,
              "matches": [
                "{id:\"actuallyadditions:block_crystal\",Count:64,Damage:3s}"
              ]
            }
          }
        ]
      },
      "outputs": {
        "item": [
          {
            "chance": 1.0,
            "content": {
              "amount": 64,
              "matches": [
                "{id:\"actuallyadditions:block_crystal_empowered\",Count:64,Damage:3s}"
              ]
            }
          }
        ]
      },
      "tickInputs": {
        "forge_energy": [
          {
            "chance": 1.0,
            "content": 500000
          }
        ]
      }
    }
  ]
}