{
  "name": "data_provider",
  "progressTexture": "multiblocked:textures/gui/progress_bar_arrow.png",
  "fuelTexture": "multiblocked:textures/gui/progress_bar_fuel.png",
  "recipes": [
    {
      "uid": "6a423e0a-fe35-43de-a993-990e547967de",
      "duration": 100,
      "inputs": {
        "item": [
          {
            "chance": 1.0,
            "content": {
              "amount": 1,
              "matches": [
                "{id:\"appliedenergistics2:material\",Count:1,Damage:38s}"
              ]
            }
          },
          {
            "chance": 1.0,
            "content": {
              "amount": 1,
              "matches": [
                "{id:\"appliedenergistics2:crafting_unit\",Count:1,Damage:0s}"
              ]
            }
          },
          {
            "chance": 1.0,
            "content": {
              "amount": 1,
              "matches": [
                "{id:\"tp:hardened_stone\",Count:1,Damage:0s}"
              ]
            }
          }
        ]
      },
      "outputs": {
        "item": [
          {
            "chance": 1.0,
            "content": {
              "amount": 1,
              "matches": [
                "{id:\"sakuracloud:data\",Count:1,Damage:0s}"
              ]
            }
          }
        ]
      },
      "tickInputs": {
        "forge_energy": [
          {
            "chance": 1.0,
            "content": 6666
          }
        ]
      }
    },
    {
      "uid": "c0a0746e-7e98-4e33-81ed-208ce9ac7974",
      "duration": 1,
      "inputs": {
        "item": [
          {
            "chance": 1.0,
            "content": {
              "amount": 16,
              "matches": [
                "{id:\"appliedenergistics2:material\",Count:16,Damage:22s}"
              ]
            }
          },
          {
            "chance": 1.0,
            "content": {
              "amount": 64,
              "matches": [
                "{id:\"appliedenergistics2:material\",Count:64,Damage:0s}",
                "{id:\"appliedenergistics2:material\",Count:64,Damage:1s}",
                "{id:\"appliedenergistics2:material\",Count:64,Damage:10s}"
              ]
            }
          }
        ],
        "forge_energy": [
          {
            "chance": 1.0,
            "content": 5000
          }
        ]
      },
      "outputs": {
        "item": [
          {
            "chance": 1.0,
            "content": {
              "amount": 1,
              "matches": [
                "{id:\"appliedenergistics2:material\",Count:1,Damage:38s}"
              ]
            }
          }
        ]
      }
    }
  ]
}