{
  "name": "data_provider",
  "progressTexture": "multiblocked:textures/gui/progress_bar_arrow.png",
  "fuelTexture": "multiblocked:textures/gui/progress_bar_fuel.png",
  "recipes": [
    {
      "uid": "6a423e0a-fe35-43de-a993-990e547967de",
      "duration": 100,
      "inputs": {
        "item": [
          {
            "chance": 1.0,
            "content": {
              "amount": 1,
              "matches": [
                "{id:\"appliedenergistics2:material\",Count:1,Damage:38s}"
              ]
            }
          },
          {
            "chance": 1.0,
            "content": {
              "amount": 1,
              "matches": [
                "{id:\"appliedenergistics2:crafting_unit\",Count:1,Damage:0s}"
              ]
            }
          },
          {
            "chance": 1.0,
            "content": {
              "amount": 1,
              "matches": [
                "{id:\"tp:hardened_stone\",Count:1,Damage:0s}"
              ]
            }
          }
        ]
      },
      "outputs": {
        "item": [
          {
            "chance": 1.0,
            "content": {
              "amount": 1,
              "matches": [
                "{id:\"sakuracloud:data\",Count:1,Damage:0s}"
              ]
            }
          }
        ]
      },
      "tickInputs": {
        "forge_energy": [
          {
            "chance": 1.0,
            "content": 6666
          }
        ]
      }
    },
    {
      "uid": "c0a0746e-7e98-4e33-81ed-208ce9ac7974",
      "duration": 1,
      "inputs": {
        "item": [
          {
            "chance": 1.0,
            "content": {
              "amount": 16,
              "matches": [
                "{id:\"appliedenergistics2:material\",Count:16,Damage:22s}"
              ]
            }
          },
          {
            "chance": 1.0,
            "content": {
              "amount": 64,
              "matches": [
                "{id:\"appliedenergistics2:material\",Count:64,Damage:0s}",
                "{id:\"appliedenergistics2:material\",Count:64,Damage:1s}",
                "{id:\"appliedenergistics2:material\",Count:64,Damage:10s}"
              ]
            }
          }
        ],
        "forge_energy": [
          {
            "chance": 1.0,
            "content": 5000
          }
        ]
      },
      "outputs": {
        "item": [
          {
            "chance": 1.0,
            "content": {
              "amount": 1,
              "matches": [
                "{id:\"appliedenergistics2:material\",Count:1,Damage:38s}"
              ]
            }
          }
        ]
      }
    },
    {
      "uid": "2e7b38e1-1bf8-4a7d-8ca6-4e4c3c484baf",
      "duration": 1,
      "inputs": {
        "item": [
          {
            "chance": 1.0,
            "content": {
              "amount": 16,
              "matches": [
                "{id:\"appliedenergistics2:material\",Count:16,Damage:24s}"
              ]
            }
          },
          {
            "chance": 1.0,
            "content": {
              "amount": 64,
              "matches": [
                "{id:\"minecraft:diamond\",Count:64,Damage:0s}"
              ]
            }
          }
        ],
        "forge_energy": [
          {
            "chance": 1.0,
            "content": 5000
          }
        ]
      },
      "outputs": {
        "item": [
          {
            "chance": 1.0,
            "content": {
              "amount": 16,
              "matches": [
                "{id:\"ae2fc:dual_interface\",Count:16,Damage:0s}"
              ]
            }
          },
          {
            "chance": 1.0,
            "content": {
              "amount": 16,
              "matches": [
                "{id:\"appliedenergistics2:part\",Count:16,Damage:261s}"
              ]
            }
          },
          {
            "chance": 1.0,
            "content": {
              "amount": 16,
              "matches": [
                "{id:\"appliedenergistics2:part\",Count:16,Damage:241s}"
              ]
            }
          },
          {
            "chance": 1.0,
            "content": {
              "amount": 16,
              "matches": [
                "{id:\"appliedenergistics2:part\",Count:16,Damage:260s}"
              ]
            }
          },
          {
            "chance": 1.0,
            "content": {
              "amount": 16,
              "matches": [
                "{id:\"appliedenergistics2:part\",Count:16,Damage:240s}"
              ]
            }
          },
          {
            "chance": 1.0,
            "content": {
              "amount": 16,
              "matches": [
                "{id:\"appliedenergistics2:part\",Count:16,Damage:220s}"
              ]
            }
          }
        ]
      }
    },
    {
      "uid": "4b98ce1b-d17c-464f-8775-327937e275f0",
      "duration": 1,
      "inputs": {
        "item": [
          {
            "chance": 1.0,
            "content": {
              "amount": 16,
              "matches": [
                "{id:\"appliedenergistics2:material\",Count:16,Damage:23s}"
              ]
            }
          },
          {
            "chance": 1.0,
            "content": {
              "amount": 16,
              "matches": [
                "{id:\"appliedenergistics2:material\",Count:16,Damage:24s}"
              ]
            }
          },
          {
            "chance": 1.0,
            "content": {
              "amount": 16,
              "matches": [
                "{id:\"appliedenergistics2:material\",Count:16,Damage:22s}"
              ]
            }
          }
        ]
      },
      "outputs": {
        "item": [
          {
            "chance": 1.0,
            "content": {
              "amount": 64,
              "matches": [
                "{id:\"appliedenergistics2:material\",Count:64,Damage:52s}"
              ]
            }
          }
        ]
      }
    },
    {
      "uid": "46a76efb-5718-4faa-9b3c-6cdef6cd6602",
      "duration": 1,
      "inputs": {
        "item": [
          {
            "chance": 1.0,
            "content": {
              "amount": 16,
              "matches": [
                "{id:\"appliedenergistics2:material\",Count:16,Damage:23s}"
              ]
            }
          },
          {
            "chance": 1.0,
            "content": {
              "amount": 64,
              "matches": [
                "{id:\"minecraft:dye\",Count:64,Damage:4s}"
              ]
            }
          }
        ],
        "forge_energy": [
          {
            "chance": 1.0,
            "content": 5000
          }
        ]
      },
      "outputs": {
        "item": [
          {
            "chance": 1.0,
            "content": {
              "amount": 1,
              "matches": [
                "{id:\"appliedenergistics2:material\",Count:1,Damage:57s}"
              ]
            }
          }
        ]
      }
    }
  ]
}