{
  "name": "exnihino_oil",
  "progressTexture": "multiblocked:textures/gui/progress_bar_arrow.png",
  "fuelTexture": "multiblocked:textures/gui/progress_bar_fuel.png",
  "fuelThreshold": 100,
  "recipes": [
    {
      "uid": "7d029835-4d5f-4d8f-ae6f-33b0920da92a",
      "duration": 1200,
      "outputs": {
        "fluid": [
          {
            "chance": 1.0,
            "content": "{FluidName:\"oil\",Amount:8000}"
          }
        ]
      },
      "tickInputs": {
        "forge_energy": [
          {
            "chance": 1.0,
            "content": 50
          }
        ]
      }
    }
  ]
}