{
  "name": "generator_1",
  "progressTexture": "multiblocked:textures/gui/progress_bar_arrow.png",
  "fuelTexture": "multiblocked:textures/gui/progress_bar_fuel.png",
  "fuelThreshold": 100,
  "recipes": [
    {
      "uid": "bb15776f-d5fd-46b4-98f7-701988a02d40",
      "duration": 1200,
      "inputs": {
        "item": [
          {
            "chance": 1.0,
            "content": {
              "amount": 64,
              "matches": [
                "{id:\"randomthings:spectrelog\",Count:64,Damage:0s}"
              ]
            }
          }
        ]
      },
      "tickOutputs": {
        "forge_energy": [
          {
            "chance": 1.0,
            "content": 500
          }
        ]
      },
      "conditions": [
        {
          "type": "biome",
          "condition": {
            "biome": "randomthings:spectral"
          }
        }
      ]
    },
    {
      "uid": "ec4cc3b7-0394-4261-8874-381fc1b65f49",
      "duration": 1200,
      "inputs": {
        "item": [
          {
            "chance": 1.0,
            "content": {
              "amount": 64,
              "matches": [
                "{id:\"randomthings:ingredient\",Count:64,Damage:12s}"
              ]
            }
          }
        ]
      },
      "tickOutputs": {
        "forge_energy": [
          {
            "chance": 1.0,
            "content": 5500
          }
        ]
      }
    },
    {
      "uid": "e973379c-e126-46eb-8130-1ecaa2246045",
      "duration": 600,
      "inputs": {
        "item": [
          {
            "chance": 1.0,
            "content": {
              "amount": 64,
              "matches": [
                "{id:\"randomthings:spectreplank\",Count:64,Damage:0s}"
              ]
            }
          }
        ]
      },
      "tickOutputs": {
        "forge_energy": [
          {
            "chance": 1.0,
            "content": 500
          }
        ]
      },
      "conditions": [
        {
          "type": "biome",
          "condition": {
            "biome": "randomthings:spectral"
          }
        }
      ]
    },
    {
      "uid": "4367199d-fce4-459c-b05e-786767b8ef6d",
      "duration": 1200,
      "inputs": {
        "item": [
          {
            "chance": 1.0,
            "content": {
              "amount": 64,
              "matches": [
                "{id:\"randomthings:ingredient\",Count:64,Damage:3s}"
              ]
            }
          }
        ]
      },
      "outputs": {
        "item": [
          {
            "chance": 1.0,
            "content": {
              "amount": 64,
              "matches": [
                "{id:\"minecraft:iron_ingot\",Count:64,Damage:0s}"
              ]
            }
          }
        ]
      },
      "tickOutputs": {
        "forge_energy": [
          {
            "chance": 1.0,
            "content": 5000
          }
        ]
      }
    },
    {
      "uid": "a58de567-36ca-45e7-80c9-55f6ed4e9f96",
      "duration": 1200,
      "inputs": {
        "item": [
          {
            "chance": 1.0,
            "content": {
              "amount": 64,
              "matches": [
                "{id:\"randomthings:spectreleaf\",Count:64,Damage:0s}"
              ]
            }
          }
        ]
      },
      "tickOutputs": {
        "forge_energy": [
          {
            "chance": 1.0,
            "content": 2000
          }
        ]
      },
      "conditions": [
        {
          "type": "biome",
          "condition": {
            "biome": "randomthings:spectral"
          }
        }
      ]
    },
    {
      "uid": "14802df0-c36c-4eaf-880d-40f84dd74375",
      "duration": 2400,
      "inputs": {
        "item": [
          {
            "chance": 1.0,
            "content": {
              "amount": 64,
              "matches": [
                "{id:\"randomthings:ingredient\",Count:64,Damage:2s}"
              ]
            }
          }
        ]
      },
      "tickOutputs": {
        "forge_energy": [
          {
            "chance": 1.0,
            "content": 5000
          }
        ]
      }
    },
    {
      "uid": "c06f4b45-857a-4f4f-ad2a-c4940a43789d",
      "duration": 1200,
      "inputs": {
        "item": [
          {
            "chance": 1.0,
            "content": {
              "amount": 64,
              "matches": [
                "{id:\"randomthings:spectresapling\",Count:64,Damage:0s}"
              ]
            }
          }
        ]
      },
      "tickOutputs": {
        "forge_energy": [
          {
            "chance": 1.0,
            "content": 4000
          }
        ]
      },
      "conditions": [
        {
          "type": "biome",
          "condition": {
            "biome": "randomthings:spectral"
          }
        }
      ]
    }
  ]
}