{
  "name": "mineral_processor",
  "progressTexture": "multiblocked:textures/gui/progress_bar_arrow.png",
  "fuelTexture": "multiblocked:textures/gui/progress_bar_fuel.png",
  "fuelThreshold": 100,
  "recipes": [
    {
      "uid": "d2f8a071-17e3-4123-b403-53643919f5d8",
      "duration": 1,
      "inputs": {
        "item": [
          {
            "chance": 1.0,
            "content": {
              "amount": 3,
              "matches": [
                "{id:\"thaumcraft:ingot\",Count:3,Damage:0s}"
              ]
            }
          }
        ],
        "forge_energy": [
          {
            "chance": 1.0,
            "content": 2500
          }
        ]
      },
      "outputs": {
        "item": [
          {
            "chance": 1.0,
            "content": {
              "amount": 5,
              "matches": [
                "{id:\"thaumcraft:ingot\",Count:5,Damage:0s}"
              ]
            }
          }
        ]
      }
    },
    {
      "uid": "8bd9a2b0-ca08-4a09-bfc4-7d09630ee5d9",
      "duration": 10,
      "inputs": {
        "item": [
          {
            "chance": 1.0,
            "content": {
              "amount": 1,
              "matches": [
                "{id:\"minecraft:emerald_ore\",Count:1,Damage:0s}"
              ]
            }
          }
        ]
      },
      "outputs": {
        "item": [
          {
            "chance": 1.0,
            "content": {
              "amount": 8,
              "matches": [
                "{id:\"minecraft:emerald\",Count:8,Damage:0s}"
              ]
            }
          },
          {
            "chance": 0.5,
            "content": {
              "amount": 4,
              "matches": [
                "{id:\"prodigytech:emerald_dust\",Count:4,Damage:0s}"
              ]
            }
          }
        ]
      },
      "tickInputs": {
        "forge_energy": [
          {
            "chance": 1.0,
            "content": 2500
          }
        ]
      }
    },
    {
      "uid": "8d28c86b-bef7-4bd6-919b-66b8af7bb0f2",
      "duration": 1,
      "inputs": {
        "item": [
          {
            "chance": 1.0,
            "content": {
              "amount": 1,
              "ore": "oreAmber"
            }
          }
        ],
        "forge_energy": [
          {
            "chance": 1.0,
            "content": 2500
          }
        ]
      },
      "outputs": {
        "item": [
          {
            "chance": 1.0,
            "content": {
              "amount": 8,
              "matches": [
                "{id:\"thaumcraft:amber\",Count:8,Damage:0s}"
              ]
            }
          }
        ]
      }
    },
    {
      "uid": "6b3298b5-8bd4-4731-9e58-f6bfe577a6f6",
      "duration": 1,
      "inputs": {
        "item": [
          {
            "chance": 1.0,
            "content": {
              "amount": 1,
              "ore": "oreCopper"
            }
          }
        ],
        "forge_energy": [
          {
            "chance": 1.0,
            "content": 2500
          }
        ]
      },
      "outputs": {
        "item": [
          {
            "chance": 1.0,
            "content": {
              "amount": 3,
              "ore": "ingotCopper"
            }
          }
        ]
      }
    },
    {
      "uid": "ffc1a238-a5f0-4591-abbc-9f16680bd04b",
      "duration": 10,
      "inputs": {
        "item": [
          {
            "chance": 1.0,
            "content": {
              "amount": 1,
              "ore": "oreDraconium"
            }
          }
        ]
      },
      "outputs": {
        "item": [
          {
            "chance": 1.0,
            "content": {
              "amount": 8,
              "matches": [
                "{id:\"draconicevolution:draconium_ingot\",Count:8,Damage:0s}"
              ]
            }
          },
          {
            "chance": 1.0,
            "content": {
              "amount": 8,
              "matches": [
                "{id:\"draconicevolution:draconium_dust\",Count:8,Damage:0s}"
              ]
            }
          }
        ]
      },
      "tickInputs": {
        "forge_energy": [
          {
            "chance": 1.0,
            "content": 25000
          }
        ]
      }
    },
    {
      "uid": "16427716-ea38-4313-95f2-7cc4c0bea137",
      "duration": 1,
      "inputs": {
        "item": [
          {
            "chance": 1.0,
            "content": {
              "amount": 1,
              "ore": "oreTungsten"
            }
          }
        ],
        "forge_energy": [
          {
            "chance": 1.0,
            "content": 2500
          }
        ]
      },
      "outputs": {
        "item": [
          {
            "chance": 1.0,
            "content": {
              "amount": 3,
              "ore": "ingotTungsten"
            }
          }
        ]
      }
    },
    {
      "uid": "b9a7e3cb-3b14-462e-81fc-6c81b9853884",
      "duration": 1,
      "inputs": {
        "item": [
          {
            "chance": 1.0,
            "content": {
              "amount": 1,
              "ore": "oreSilver"
            }
          }
        ],
        "forge_energy": [
          {
            "chance": 1.0,
            "content": 2500
          }
        ]
      },
      "outputs": {
        "item": [
          {
            "chance": 1.0,
            "content": {
              "amount": 3,
              "ore": "ingotSilver"
            }
          }
        ]
      }
    },
    {
      "uid": "3f22ba1d-7c7a-4d35-ae1d-4537f61ebab4",
      "duration": 1,
      "inputs": {
        "item": [
          {
            "chance": 1.0,
            "content": {
              "amount": 1,
              "matches": [
                "{id:\"appliedenergistics2:quartz_ore\",Count:1,Damage:0s}"
              ]
            }
          }
        ],
        "forge_energy": [
          {
            "chance": 1.0,
            "content": 2500
          }
        ]
      },
      "outputs": {
        "item": [
          {
            "chance": 1.0,
            "content": {
              "amount": 8,
              "matches": [
                "{id:\"appliedenergistics2:material\",Count:8,Damage:2s}"
              ]
            }
          },
          {
            "chance": 1.0,
            "content": {
              "amount": 8,
              "matches": [
                "{id:\"appliedenergistics2:material\",Count:8,Damage:0s}"
              ]
            }
          }
        ]
      }
    },
    {
      "uid": "9e8f623d-e372-4b8c-a5ca-b8f845c9ca08",
      "duration": 1,
      "inputs": {
        "item": [
          {
            "chance": 1.0,
            "content": {
              "amount": 1,
              "ore": "oreIridium"
            }
          }
        ],
        "forge_energy": [
          {
            "chance": 1.0,
            "content": 2500
          }
        ]
      },
      "outputs": {
        "item": [
          {
            "chance": 1.0,
            "content": {
              "amount": 3,
              "ore": "ingotIridium"
            }
          }
        ]
      }
    },
    {
      "uid": "4c30b39e-f71a-4b4d-bbc9-ea7b3af0ac49",
      "duration": 1,
      "inputs": {
        "item": [
          {
            "chance": 1.0,
            "content": {
              "amount": 1,
              "matches": [
                "{id:\"appliedenergistics2:charged_quartz_ore\",Count:1,Damage:0s}"
              ]
            }
          }
        ],
        "forge_energy": [
          {
            "chance": 1.0,
            "content": 2500
          }
        ]
      },
      "outputs": {
        "item": [
          {
            "chance": 1.0,
            "content": {
              "amount": 8,
              "matches": [
                "{id:\"appliedenergistics2:material\",Count:8,Damage:1s}"
              ]
            }
          },
          {
            "chance": 0.5,
            "content": {
              "amount": 1,
              "matches": [
                "{id:\"appliedenergistics2:material\",Count:1,Damage:1s}"
              ]
            }
          }
        ]
      }
    },
    {
      "uid": "8f9b16aa-7063-4761-b575-7443ddb03c9a",
      "duration": 1,
      "inputs": {
        "item": [
          {
            "chance": 1.0,
            "content": {
              "amount": 1,
              "ore": "oreBoron"
            }
          }
        ],
        "forge_energy": [
          {
            "chance": 1.0,
            "content": 2500
          }
        ]
      },
      "outputs": {
        "item": [
          {
            "chance": 1.0,
            "content": {
              "amount": 3,
              "ore": "ingotBoron"
            }
          }
        ]
      }
    },
    {
      "uid": "a35c6f34-e73a-4625-9203-4c4979592409",
      "duration": 1,
      "inputs": {
        "item": [
          {
            "chance": 1.0,
            "content": {
              "amount": 1,
              "ore": "oreLithium"
            }
          }
        ],
        "forge_energy": [
          {
            "chance": 1.0,
            "content": 2500
          }
        ]
      },
      "outputs": {
        "item": [
          {
            "chance": 1.0,
            "content": {
              "amount": 8,
              "ore": "dustLithium"
            }
          }
        ]
      }
    },
    {
      "uid": "9f3e0361-337f-426a-8e7c-72df0fac9e64",
      "duration": 1,
      "inputs": {
        "item": [
          {
            "chance": 1.0,
            "content": {
              "amount": 1,
              "ore": "oreTin"
            }
          }
        ],
        "forge_energy": [
          {
            "chance": 1.0,
            "content": 2500
          }
        ]
      },
      "outputs": {
        "item": [
          {
            "chance": 1.0,
            "content": {
              "amount": 3,
              "ore": "ingotTin"
            }
          }
        ]
      }
    },
    {
      "uid": "29d1b9d0-2010-49b9-a548-8aa382f583d5",
      "duration": 1,
      "inputs": {
        "item": [
          {
            "chance": 1.0,
            "content": {
              "amount": 1,
              "matches": [
                "{id:\"minecraft:quartz_ore\",Count:1,Damage:0s}"
              ]
            }
          }
        ],
        "forge_energy": [
          {
            "chance": 1.0,
            "content": 2500
          }
        ]
      },
      "outputs": {
        "item": [
          {
            "chance": 1.0,
            "content": {
              "amount": 8,
              "matches": [
                "{id:\"minecraft:quartz\",Count:8,Damage:0s}"
              ]
            }
          },
          {
            "chance": 0.5,
            "content": {
              "amount": 8,
              "matches": [
                "{id:\"nuclearcraft:gem_dust\",Count:8,Damage:2s}"
              ]
            }
          }
        ]
      }
    },
    {
      "uid": "a037f015-958d-418b-8aa8-3206b39269ac",
      "duration": 1,
      "inputs": {
        "item": [
          {
            "chance": 1.0,
            "content": {
              "amount": 1,
              "ore": "oreMagnesium"
            }
          }
        ],
        "forge_energy": [
          {
            "chance": 1.0,
            "content": 2500
          }
        ]
      },
      "outputs": {
        "item": [
          {
            "chance": 1.0,
            "content": {
              "amount": 3,
              "ore": "ingotMagnesium"
            }
          }
        ]
      }
    },
    {
      "uid": "f96911d9-1f68-4bd4-b887-a6c0672c783e",
      "duration": 1,
      "inputs": {
        "item": [
          {
            "chance": 1.0,
            "content": {
              "amount": 1,
              "ore": "oreNickel"
            }
          }
        ],
        "forge_energy": [
          {
            "chance": 1.0,
            "content": 2500
          }
        ]
      },
      "outputs": {
        "item": [
          {
            "chance": 1.0,
            "content": {
              "amount": 3,
              "matches": [
                "{id:\"thermalfoundation:material\",Count:3,Damage:133s}"
              ]
            }
          }
        ]
      }
    },
    {
      "uid": "b0087a31-1c05-4b9a-b4ce-d53c8af01731",
      "duration": 1,
      "inputs": {
        "item": [
          {
            "chance": 1.0,
            "content": {
              "amount": 1,
              "ore": "oreDiamond"
            }
          }
        ],
        "forge_energy": [
          {
            "chance": 1.0,
            "content": 2500
          }
        ]
      },
      "outputs": {
        "item": [
          {
            "chance": 1.0,
            "content": {
              "amount": 4,
              "matches": [
                "{id:\"minecraft:diamond\",Count:4,Damage:0s}"
              ]
            }
          },
          {
            "chance": 0.5,
            "content": {
              "amount": 2,
              "ore": "dustDiamond"
            }
          }
        ]
      }
    },
    {
      "uid": "dcf0e0e8-2706-4055-a646-50462fb24050",
      "duration": 1,
      "inputs": {
        "item": [
          {
            "chance": 1.0,
            "content": {
              "amount": 1,
              "ore": "oreAluminium"
            }
          }
        ],
        "forge_energy": [
          {
            "chance": 1.0,
            "content": 2500
          }
        ]
      },
      "outputs": {
        "item": [
          {
            "chance": 1.0,
            "content": {
              "amount": 3,
              "ore": "ingotAluminum"
            }
          }
        ]
      }
    },
    {
      "uid": "1e3cd887-cf65-4c88-a700-7475a7c37f15",
      "duration": 1,
      "inputs": {
        "item": [
          {
            "chance": 1.0,
            "content": {
              "amount": 1,
              "ore": "oreCobalt"
            }
          }
        ],
        "forge_energy": [
          {
            "chance": 1.0,
            "content": 2500
          }
        ]
      },
      "outputs": {
        "item": [
          {
            "chance": 1.0,
            "content": {
              "amount": 3,
              "ore": "ingotCobalt"
            }
          }
        ]
      }
    },
    {
      "uid": "57fc4f3c-ea39-4a10-a935-80780e6811d1",
      "duration": 1,
      "inputs": {
        "item": [
          {
            "chance": 1.0,
            "content": {
              "amount": 1,
              "ore": "oreIron"
            }
          }
        ],
        "forge_energy": [
          {
            "chance": 1.0,
            "content": 2500
          }
        ]
      },
      "outputs": {
        "item": [
          {
            "chance": 1.0,
            "content": {
              "amount": 3,
              "matches": [
                "{id:\"minecraft:iron_ingot\",Count:3,Damage:0s}"
              ]
            }
          }
        ]
      }
    },
    {
      "uid": "a769d7b1-e95f-4fa8-b72f-0a7699668f86",
      "duration": 10,
      "inputs": {
        "item": [
          {
            "chance": 1.0,
            "content": {
              "amount": 1,
              "matches": [
                "{id:\"thaumcraft:metal_thaumium\",Count:1,Damage:0s}"
              ]
            }
          }
        ]
      },
      "outputs": {
        "item": [
          {
            "chance": 1.0,
            "content": {
              "amount": 2,
              "matches": [
                "{id:\"thaumicbases:blockthauminite\",Count:2,Damage:0s}"
              ]
            }
          }
        ]
      },
      "tickInputs": {
        "forge_energy": [
          {
            "chance": 1.0,
            "content": 25000
          }
        ]
      }
    },
    {
      "uid": "092a5c2f-61fc-4ef9-86dc-5488d58708da",
      "duration": 1,
      "inputs": {
        "item": [
          {
            "chance": 1.0,
            "content": {
              "amount": 1,
              "ore": "oreGold"
            }
          }
        ],
        "forge_energy": [
          {
            "chance": 1.0,
            "content": 2500
          }
        ]
      },
      "outputs": {
        "item": [
          {
            "chance": 1.0,
            "content": {
              "amount": 3,
              "ore": "ingotGold"
            }
          }
        ]
      }
    },
    {
      "uid": "715f11ca-f1fb-4b1a-859a-31116a018442",
      "duration": 1,
      "inputs": {
        "item": [
          {
            "chance": 1.0,
            "content": {
              "amount": 1,
              "ore": "oreZinc"
            }
          }
        ],
        "forge_energy": [
          {
            "chance": 1.0,
            "content": 2500
          }
        ]
      },
      "outputs": {
        "item": [
          {
            "chance": 1.0,
            "content": {
              "amount": 3,
              "ore": "ingotZinc"
            }
          }
        ]
      }
    },
    {
      "uid": "be1f7cef-d0d9-47f3-bd03-83adca3dabc1",
      "duration": 1,
      "inputs": {
        "item": [
          {
            "chance": 1.0,
            "content": {
              "amount": 1,
              "ore": "oreRedstone"
            }
          }
        ],
        "forge_energy": [
          {
            "chance": 1.0,
            "content": 2500
          }
        ]
      },
      "outputs": {
        "item": [
          {
            "chance": 1.0,
            "content": {
              "amount": 8,
              "matches": [
                "{id:\"minecraft:redstone\",Count:8,Damage:0s}"
              ]
            }
          },
          {
            "chance": 0.5,
            "content": {
              "amount": 8,
              "matches": [
                "{id:\"minecraft:redstone\",Count:8,Damage:0s}"
              ]
            }
          }
        ]
      }
    },
    {
      "uid": "e695ceaf-6fc3-4b84-a027-57853f765532",
      "duration": 1,
      "inputs": {
        "item": [
          {
            "chance": 1.0,
            "content": {
              "amount": 1,
              "ore": "oreOsmium"
            }
          }
        ],
        "forge_energy": [
          {
            "chance": 1.0,
            "content": 2500
          }
        ]
      },
      "outputs": {
        "item": [
          {
            "chance": 1.0,
            "content": {
              "amount": 3,
              "ore": "ingotOsmium"
            }
          }
        ]
      }
    },
    {
      "uid": "d408a98b-f303-42d0-8e23-5331280e56b0",
      "duration": 1,
      "inputs": {
        "item": [
          {
            "chance": 1.0,
            "content": {
              "amount": 1,
              "ore": "oreTitanium"
            }
          }
        ],
        "forge_energy": [
          {
            "chance": 1.0,
            "content": 2500
          }
        ]
      },
      "outputs": {
        "item": [
          {
            "chance": 1.0,
            "content": {
              "amount": 3,
              "ore": "ingotTitanium"
            }
          }
        ]
      }
    },
    {
      "uid": "80cf60e5-9d14-45e8-aa04-907dfad3970a",
      "duration": 1,
      "inputs": {
        "item": [
          {
            "chance": 1.0,
            "content": {
              "amount": 1,
              "ore": "oreThorium"
            }
          }
        ],
        "forge_energy": [
          {
            "chance": 1.0,
            "content": 2500
          }
        ]
      },
      "outputs": {
        "item": [
          {
            "chance": 1.0,
            "content": {
              "amount": 3,
              "ore": "ingotThorium"
            }
          }
        ]
      }
    },
    {
      "uid": "e8ca106e-15f4-4fbe-a68e-f585d006132d",
      "duration": 1,
      "inputs": {
        "item": [
          {
            "chance": 1.0,
            "content": {
              "amount": 1,
              "ore": "oreCoal"
            }
          }
        ],
        "forge_energy": [
          {
            "chance": 1.0,
            "content": 2500
          }
        ]
      },
      "outputs": {
        "item": [
          {
            "chance": 1.0,
            "content": {
              "amount": 16,
              "ore": "gemCoal"
            }
          }
        ]
      }
    },
    {
      "uid": "5d71555d-ed43-4d74-935c-e686fbde74b3",
      "duration": 1,
      "inputs": {
        "item": [
          {
            "chance": 1.0,
            "content": {
              "amount": 1,
              "ore": "orePlatinum"
            }
          }
        ],
        "forge_energy": [
          {
            "chance": 1.0,
            "content": 2500
          }
        ]
      },
      "outputs": {
        "item": [
          {
            "chance": 1.0,
            "content": {
              "amount": 3,
              "ore": "ingotPlatinum"
            }
          }
        ]
      }
    },
    {
      "uid": "8fe9bac4-46bb-49eb-87d4-e4c8ff591749",
      "duration": 1,
      "inputs": {
        "item": [
          {
            "chance": 1.0,
            "content": {
              "amount": 1,
              "ore": "oreLead"
            }
          }
        ],
        "forge_energy": [
          {
            "chance": 1.0,
            "content": 2500
          }
        ]
      },
      "outputs": {
        "item": [
          {
            "chance": 1.0,
            "content": {
              "amount": 3,
              "ore": "ingotLead"
            }
          }
        ]
      }
    },
    {
      "uid": "40419614-d0c4-47bc-8c36-ada5d4bb0e37",
      "duration": 1,
      "inputs": {
        "item": [
          {
            "chance": 1.0,
            "content": {
              "amount": 1,
              "ore": "oreUranium"
            }
          }
        ],
        "forge_energy": [
          {
            "chance": 1.0,
            "content": 2500
          }
        ]
      },
      "outputs": {
        "item": [
          {
            "chance": 1.0,
            "content": {
              "amount": 3,
              "ore": "ingotUranium"
            }
          }
        ]
      }
    },
    {
      "uid": "4b23de6b-934f-4043-a535-9ef31c07126e",
      "duration": 1,
      "inputs": {
        "item": [
          {
            "chance": 1.0,
            "content": {
              "amount": 1,
              "ore": "oreArdite"
            }
          }
        ],
        "forge_energy": [
          {
            "chance": 1.0,
            "content": 2500
          }
        ]
      },
      "outputs": {
        "item": [
          {
            "chance": 1.0,
            "content": {
              "amount": 3,
              "ore": "ingotArdite"
            }
          }
        ]
      }
    },
    {
      "uid": "77b2b9de-9769-4111-9cc4-8f9c56588590",
      "duration": 1,
      "inputs": {
        "item": [
          {
            "chance": 1.0,
            "content": {
              "amount": 1,
              "ore": "oreAluminum"
            }
          }
        ],
        "forge_energy": [
          {
            "chance": 1.0,
            "content": 2500
          }
        ]
      },
      "outputs": {
        "item": [
          {
            "chance": 1.0,
            "content": {
              "amount": 3,
              "ore": "ingotAluminum"
            }
          }
        ]
      }
    }
  ]
}