{
  "name": "chemical_reactor",
  "progressTexture": "multiblocked:textures/gui/progress_bar_arrow.png",
  "fuelTexture": "multiblocked:textures/gui/progress_bar_fuel.png",
  "recipes": [
    {
      "uid": "16a28caf-da10-4b84-aaca-af6df9ffc50b",
      "duration": 600,
      "inputs": {
        "item": [
          {
            "chance": 1.0,
            "content": {
              "amount": 64,
              "ore": "dyeOrange"
            }
          }
        ],
        "fluid": [
          {
            "chance": 1.0,
            "content": "{FluidName:\"oil\",Amount:8000}"
          }
        ]
      },
      "tickInputs": {
        "forge_energy": [
          {
            "chance": 1.0,
            "content": 1500
          }
        ]
      },
      "tickOutputs": {
        "item": [
          {
            "chance": 1.0,
            "content": {
              "amount": 64,
              "matches": [
                "{id:\"pneumaticcraft:plastic\",Count:64,Damage:14s}"
              ]
            }
          }
        ]
      }
    },
    {
      "uid": "db428170-ce1f-4337-b217-d63ec2967e1f",
      "duration": 600,
      "inputs": {
        "item": [
          {
            "chance": 1.0,
            "content": {
              "amount": 64,
              "matches": [
                "{id:\"actuallyadditions:item_misc\",Count:64,Damage:17s}",
                "{id:\"enderio:item_material\",Count:64,Damage:50s}"
              ]
            }
          }
        ],
        "fluid": [
          {
            "chance": 1.0,
            "content": "{FluidName:\"oil\",Amount:8000}"
          }
        ]
      },
      "tickInputs": {
        "forge_energy": [
          {
            "chance": 1.0,
            "content": 1500
          }
        ]
      },
      "tickOutputs": {
        "item": [
          {
            "chance": 1.0,
            "content": {
              "amount": 64,
              "matches": [
                "{id:\"pneumaticcraft:plastic\",Count:64,Damage:0s}"
              ]
            }
          }
        ]
      }
    },
    {
      "uid": "0f8df753-ffa0-4833-9c69-c9604c354bbd",
      "duration": 600,
      "inputs": {
        "item": [
          {
            "chance": 1.0,
            "content": {
              "amount": 64,
              "ore": "dyeCyan"
            }
          }
        ],
        "fluid": [
          {
            "chance": 1.0,
            "content": "{FluidName:\"oil\",Amount:8000}"
          }
        ]
      },
      "tickInputs": {
        "forge_energy": [
          {
            "chance": 1.0,
            "content": 1500
          }
        ]
      },
      "tickOutputs": {
        "item": [
          {
            "chance": 1.0,
            "content": {
              "amount": 64,
              "matches": [
                "{id:\"pneumaticcraft:plastic\",Count:64,Damage:6s}"
              ]
            }
          }
        ]
      }
    },
    {
      "uid": "18e820af-2c9e-417e-9d2a-cafec5e1dd02",
      "duration": 1200,
      "inputs": {
        "fluid": [
          {
            "chance": 1.0,
            "content": "{FluidName:\"liquidfusionfuel\",Amount:64000000}"
          }
        ]
      },
      "outputs": {
        "item": [
          {
            "chance": 1.0,
            "content": {
              "amount": 64,
              "matches": [
                "{id:\"extendedcrafting:material\",Count:64,Damage:24s}"
              ]
            }
          }
        ]
      },
      "tickOutputs": {
        "forge_energy": [
          {
            "chance": 1.0,
            "content": 5000000
          }
        ]
      },
      "conditions": [
        {
          "type": "block",
          "condition": {
            "block": {
              "id": "sakuracloud:singularity_block",
              "meta": 0
            },
            "count": 4
          }
        }
      ]
    },
    {
      "uid": "903b1354-682c-4efc-8e1d-f2ebdbb5afe2",
      "duration": 1,
      "inputs": {
        "item": [
          {
            "chance": 1.0,
            "content": {
              "amount": 64,
              "ore": "dyeLime"
            }
          }
        ],
        "fluid": [
          {
            "chance": 1.0,
            "content": "{FluidName:\"oil\",Amount:8000}"
          }
        ]
      },
      "tickInputs": {
        "forge_energy": [
          {
            "chance": 1.0,
            "content": 1500
          }
        ]
      },
      "tickOutputs": {
        "item": [
          {
            "chance": 1.0,
            "content": {
              "amount": 64,
              "matches": [
                "{id:\"pneumaticcraft:plastic\",Count:64,Damage:10s}"
              ]
            }
          }
        ]
      }
    },
    {
      "uid": "e8c29bee-aca4-4709-9171-2a3130952167",
      "duration": 600,
      "inputs": {
        "item": [
          {
            "chance": 1.0,
            "content": {
              "amount": 64,
              "ore": "dyeLightGray"
            }
          }
        ],
        "fluid": [
          {
            "chance": 1.0,
            "content": "{FluidName:\"oil\",Amount:8000}"
          }
        ]
      },
      "tickInputs": {
        "forge_energy": [
          {
            "chance": 1.0,
            "content": 1500
          }
        ]
      },
      "tickOutputs": {
        "item": [
          {
            "chance": 1.0,
            "content": {
              "amount": 64,
              "matches": [
                "{id:\"pneumaticcraft:plastic\",Count:64,Damage:7s}"
              ]
            }
          }
        ]
      }
    },
    {
      "uid": "73596b96-13c6-41f1-b0f9-3253596fb13b",
      "duration": 600,
      "inputs": {
        "item": [
          {
            "chance": 1.0,
            "content": {
              "amount": 64,
              "ore": "dyeLightBlue"
            }
          }
        ],
        "fluid": [
          {
            "chance": 1.0,
            "content": "{FluidName:\"oil\",Amount:8000}"
          }
        ]
      },
      "tickInputs": {
        "forge_energy": [
          {
            "chance": 1.0,
            "content": 1500
          }
        ]
      },
      "tickOutputs": {
        "item": [
          {
            "chance": 1.0,
            "content": {
              "amount": 64,
              "matches": [
                "{id:\"pneumaticcraft:plastic\",Count:64,Damage:12s}"
              ]
            }
          }
        ]
      }
    },
    {
      "uid": "67c3b377-91bd-44d8-88cb-af6e270bd037",
      "duration": 600,
      "inputs": {
        "item": [
          {
            "chance": 1.0,
            "content": {
              "amount": 64,
              "ore": "dyeMagenta"
            }
          }
        ],
        "fluid": [
          {
            "chance": 1.0,
            "content": "{FluidName:\"oil\",Amount:8000}"
          }
        ]
      },
      "tickInputs": {
        "forge_energy": [
          {
            "chance": 1.0,
            "content": 1500
          }
        ]
      },
      "tickOutputs": {
        "item": [
          {
            "chance": 1.0,
            "content": {
              "amount": 64,
              "matches": [
                "{id:\"pneumaticcraft:plastic\",Count:64,Damage:13s}"
              ]
            }
          }
        ]
      }
    },
    {
      "uid": "0ba78ee0-ba46-4a91-86c4-47b7aba50755",
      "duration": 600,
      "inputs": {
        "item": [
          {
            "chance": 1.0,
            "content": {
              "amount": 64,
              "ore": "dyePink"
            }
          }
        ],
        "fluid": [
          {
            "chance": 1.0,
            "content": "{FluidName:\"oil\",Amount:8000}"
          }
        ]
      },
      "tickInputs": {
        "forge_energy": [
          {
            "chance": 1.0,
            "content": 1500
          }
        ]
      },
      "tickOutputs": {
        "item": [
          {
            "chance": 1.0,
            "content": {
              "amount": 64,
              "matches": [
                "{id:\"pneumaticcraft:plastic\",Count:64,Damage:9s}"
              ]
            }
          }
        ]
      }
    },
    {
      "uid": "d801748e-13b9-4081-85dc-bb5c4f4095e1",
      "duration": 600,
      "inputs": {
        "item": [
          {
            "chance": 1.0,
            "content": {
              "amount": 64,
              "ore": "dyeYellow"
            }
          }
        ],
        "fluid": [
          {
            "chance": 1.0,
            "content": "{FluidName:\"oil\",Amount:8000}"
          }
        ]
      },
      "tickInputs": {
        "forge_energy": [
          {
            "chance": 1.0,
            "content": 1500
          }
        ]
      },
      "tickOutputs": {
        "item": [
          {
            "chance": 1.0,
            "content": {
              "amount": 64,
              "matches": [
                "{id:\"pneumaticcraft:plastic\",Count:64,Damage:11s}"
              ]
            }
          }
        ]
      }
    },
    {
      "uid": "75b0f9d1-df80-4e63-b3e0-ddda47d565f0",
      "duration": 600,
      "inputs": {
        "item": [
          {
            "chance": 1.0,
            "content": {
              "amount": 64,
              "ore": "dyeBrown"
            }
          }
        ],
        "fluid": [
          {
            "chance": 1.0,
            "content": "{FluidName:\"oil\",Amount:8000}"
          }
        ]
      },
      "tickInputs": {
        "forge_energy": [
          {
            "chance": 1.0,
            "content": 1500
          }
        ]
      },
      "tickOutputs": {
        "item": [
          {
            "chance": 1.0,
            "content": {
              "amount": 64,
              "matches": [
                "{id:\"pneumaticcraft:plastic\",Count:64,Damage:3s}"
              ]
            }
          }
        ]
      }
    },
    {
      "uid": "3cc5595a-1453-47f6-9389-f300c4d66eb9",
      "duration": 600,
      "inputs": {
        "item": [
          {
            "chance": 1.0,
            "content": {
              "amount": 64,
              "ore": "dyePurple"
            }
          }
        ],
        "fluid": [
          {
            "chance": 1.0,
            "content": "{FluidName:\"oil\",Amount:8000}"
          }
        ]
      },
      "tickInputs": {
        "forge_energy": [
          {
            "chance": 1.0,
            "content": 1500
          }
        ]
      },
      "tickOutputs": {
        "item": [
          {
            "chance": 1.0,
            "content": {
              "amount": 64,
              "matches": [
                "{id:\"pneumaticcraft:plastic\",Count:64,Damage:5s}"
              ]
            }
          }
        ]
      }
    },
    {
      "uid": "03ee24cc-f4f4-4ac5-912e-a5284a526cf7",
      "duration": 600,
      "inputs": {
        "item": [
          {
            "chance": 1.0,
            "content": {
              "amount": 64,
              "ore": "dyeGreen"
            }
          }
        ],
        "fluid": [
          {
            "chance": 1.0,
            "content": "{FluidName:\"oil\",Amount:8000}"
          }
        ]
      },
      "tickInputs": {
        "forge_energy": [
          {
            "chance": 1.0,
            "content": 1500
          }
        ]
      },
      "tickOutputs": {
        "item": [
          {
            "chance": 1.0,
            "content": {
              "amount": 64,
              "matches": [
                "{id:\"pneumaticcraft:plastic\",Count:64,Damage:2s}"
              ]
            }
          }
        ]
      }
    },
    {
      "uid": "ff4cc1c8-0187-43b2-b7de-baaf96c19d22",
      "duration": 600,
      "inputs": {
        "item": [
          {
            "chance": 1.0,
            "content": {
              "amount": 64,
              "ore": "dyeGray"
            }
          }
        ],
        "fluid": [
          {
            "chance": 1.0,
            "content": "{FluidName:\"oil\",Amount:8000}"
          }
        ]
      },
      "tickInputs": {
        "forge_energy": [
          {
            "chance": 1.0,
            "content": 1500
          }
        ]
      },
      "tickOutputs": {
        "item": [
          {
            "chance": 1.0,
            "content": {
              "amount": 64,
              "matches": [
                "{id:\"pneumaticcraft:plastic\",Count:64,Damage:8s}"
              ]
            }
          }
        ]
      }
    },
    {
      "uid": "4d683e8c-504a-429f-b967-1c1bdd95d235",
      "duration": 600,
      "inputs": {
        "item": [
          {
            "chance": 1.0,
            "content": {
              "amount": 1,
              "ore": "dyeWhite"
            }
          }
        ],
        "fluid": [
          {
            "chance": 1.0,
            "content": "{FluidName:\"oil\",Amount:8000}"
          }
        ],
        "forge_energy": [
          {
            "chance": 1.0,
            "content": 1500
          }
        ]
      },
      "tickOutputs": {
        "item": [
          {
            "chance": 1.0,
            "content": {
              "amount": 64,
              "matches": [
                "{id:\"pneumaticcraft:plastic\",Count:64,Damage:15s}"
              ]
            }
          }
        ]
      }
    },
    {
      "uid": "b1544d12-df76-48ac-8ea8-8a9b2dd6483a",
      "duration": 600,
      "inputs": {
        "item": [
          {
            "chance": 1.0,
            "content": {
              "amount": 64,
              "ore": "dyeRed"
            }
          }
        ],
        "fluid": [
          {
            "chance": 1.0,
            "content": "{FluidName:\"oil\",Amount:8000}"
          }
        ]
      },
      "tickInputs": {
        "forge_energy": [
          {
            "chance": 1.0,
            "content": 1500
          }
        ]
      },
      "tickOutputs": {
        "item": [
          {
            "chance": 1.0,
            "content": {
              "amount": 64,
              "matches": [
                "{id:\"pneumaticcraft:plastic\",Count:64,Damage:1s}"
              ]
            }
          }
        ]
      }
    },
    {
      "uid": "625a9f1d-2446-48d5-9a34-3898c46edf81",
      "duration": 600,
      "inputs": {
        "item": [
          {
            "chance": 1.0,
            "content": {
              "amount": 64,
              "ore": "dyeBlue"
            }
          }
        ],
        "fluid": [
          {
            "chance": 1.0,
            "content": "{FluidName:\"oil\",Amount:8000}"
          }
        ]
      },
      "tickInputs": {
        "forge_energy": [
          {
            "chance": 1.0,
            "content": 1500
          }
        ]
      },
      "tickOutputs": {
        "item": [
          {
            "chance": 1.0,
            "content": {
              "amount": 64,
              "matches": [
                "{id:\"pneumaticcraft:plastic\",Count:64,Damage:4s}"
              ]
            }
          }
        ]
      }
    }
  ]
}