{
  "name": "sky_altar",
  "progressTexture": "multiblocked:textures/gui/progress_bar_arrow.png",
  "fuelTexture": "multiblocked:textures/gui/progress_bar_fuel.png",
  "fuelThreshold": 100,
  "recipes": [
    {
      "uid": "913b1b45-b468-437e-9e9c-4d8e08487fd4",
      "duration": 100,
      "inputs": {
        "item": [
          {
            "chance": 1.0,
            "content": {
              "amount": 5,
              "matches": [
                "{id:\"minecraft:iron_ingot\",Count:5,Damage:0s}"
              ]
            }
          },
          {
            "chance": 1.0,
            "content": {
              "amount": 4,
              "matches": [
                "{id:\"naturesaura:gold_leaf\",Count:4,Damage:0s}"
              ]
            }
          }
        ]
      },
      "outputs": {
        "item": [
          {
            "chance": 1.0,
            "content": {
              "amount": 1,
              "matches": [
                "{id:\"naturesaura:infused_iron_block\",Count:1,Damage:0s}"
              ]
            }
          }
        ]
      }
    },
    {
      "uid": "348fcf47-e36e-4ccf-9311-4019abb39c52",
      "duration": 100,
      "inputs": {
        "item": [
          {
            "chance": 1.0,
            "content": {
              "amount": 1,
              "matches": [
                "{id:\"naturesaura:calling_spirit\",Count:1,Damage:0s}"
              ]
            }
          },
          {
            "chance": 1.0,
            "content": {
              "amount": 1,
              "matches": [
                "{id:\"naturesaura:token_fear\",Count:1,Damage:0s}"
              ]
            }
          }
        ]
      },
      "outputs": {
        "item": [
          {
            "chance": 1.0,
            "content": {
              "amount": 2,
              "matches": [
                "{id:\"naturesaura:token_terror\",Count:2,Damage:0s}"
              ]
            }
          }
        ]
      }
    },
    {
      "uid": "ce11d724-6a4d-48fd-8f18-15da6c48c2ee",
      "duration": 100,
      "inputs": {
        "item": [
          {
            "chance": 0.0,
            "content": {
              "amount": 1,
              "matches": [
                "{id:\"naturesaura:conversion_catalyst\",Count:1,Damage:0s}"
              ]
            }
          },
          {
            "chance": 1.0,
            "content": {
              "amount": 1,
              "matches": [
                "{id:\"naturesaura:aura_bottle\",Count:1,Damage:0s,tag:{stored_type:\"naturesaura:end\"}}"
              ]
            }
          }
        ]
      },
      "outputs": {
        "item": [
          {
            "chance": 1.0,
            "content": {
              "amount": 1,
              "matches": [
                "{id:\"minecraft:dragon_breath\",Count:1,Damage:0s}"
              ]
            }
          }
        ]
      }
    },
    {
      "uid": "infused_stone_2",
      "duration": 1,
      "inputs": {
        "item": [
          {
            "chance": 1.0,
            "content": {
              "amount": 1,
              "matches": [
                "{id:\"minecraft:stone\",Count:1,Damage:0s}"
              ]
            }
          }
        ]
      },
      "outputs": {
        "item": [
          {
            "chance": 1.0,
            "content": {
              "amount": 1,
              "matches": [
                "{id:\"naturesaura:infused_stone\",Count:1,Damage:0s}"
              ]
            }
          }
        ]
      }
    },
    {
      "uid": "infused_stone_1",
      "duration": 200,
      "inputs": {
        "item": [
          {
            "chance": 1.0,
            "content": {
              "amount": 1,
              "matches": [
                "{id:\"minecraft:cobblestone\",Count:1,Damage:0s}"
              ]
            }
          }
        ]
      },
      "outputs": {
        "item": [
          {
            "chance": 1.0,
            "content": {
              "amount": 1,
              "matches": [
                "{id:\"naturesaura:infused_stone\",Count:1,Damage:0s}"
              ]
            }
          }
        ]
      }
    },
    {
      "uid": "sky_ingot",
      "duration": 100,
      "inputs": {
        "item": [
          {
            "chance": 0.5,
            "content": {
              "amount": 1,
              "matches": [
                "{id:\"naturesaura:calling_spirit\",Count:1,Damage:0s}"
              ]
            }
          },
          {
            "chance": 1.0,
            "content": {
              "amount": 3,
              "matches": [
                "{id:\"naturesaura:infused_iron\",Count:3,Damage:0s}"
              ]
            }
          }
        ]
      },
      "outputs": {
        "item": [
          {
            "chance": 1.0,
            "content": {
              "amount": 1,
              "matches": [
                "{id:\"naturesaura:sky_ingot\",Count:1,Damage:0s}"
              ]
            }
          },
          {
            "chance": 0.5,
            "content": {
              "amount": 1,
              "matches": [
                "{id:\"naturesaura:sky_ingot\",Count:1,Damage:0s}"
              ]
            }
          }
        ]
      }
    },
    {
      "uid": "9d0a0217-a3d1-4519-9622-8123c4552066",
      "duration": 100,
      "inputs": {
        "item": [
          {
            "chance": 1.0,
            "content": {
              "amount": 1,
              "matches": [
                "{id:\"naturesaura:calling_spirit\",Count:1,Damage:0s}"
              ]
            }
          },
          {
            "chance": 1.0,
            "content": {
              "amount": 1,
              "matches": [
                "{id:\"naturesaura:token_anger\",Count:1,Damage:0s}"
              ]
            }
          }
        ]
      },
      "outputs": {
        "item": [
          {
            "chance": 1.0,
            "content": {
              "amount": 2,
              "matches": [
                "{id:\"naturesaura:token_rage\",Count:2,Damage:0s}"
              ]
            }
          }
        ]
      }
    },
    {
      "uid": "fa38e758-3baa-4e9b-b398-ae33f63a4430",
      "duration": 100,
      "inputs": {
        "item": [
          {
            "chance": 1.0,
            "content": {
              "amount": 1,
              "matches": [
                "{id:\"naturesaura:calling_spirit\",Count:1,Damage:0s}"
              ]
            }
          },
          {
            "chance": 1.0,
            "content": {
              "amount": 1,
              "matches": [
                "{id:\"naturesaura:token_sorrow\",Count:1,Damage:0s}"
              ]
            }
          }
        ]
      },
      "outputs": {
        "item": [
          {
            "chance": 1.0,
            "content": {
              "amount": 2,
              "matches": [
                "{id:\"naturesaura:token_grief\",Count:2,Damage:0s}"
              ]
            }
          }
        ]
      }
    },
    {
      "uid": "2dde35e8-2cc7-42d5-8ef7-f527bd8491a3",
      "duration": 100,
      "inputs": {
        "item": [
          {
            "chance": 1.0,
            "content": {
              "amount": 1,
              "matches": [
                "{id:\"naturesaura:calling_spirit\",Count:1,Damage:0s}"
              ]
            }
          },
          {
            "chance": 1.0,
            "content": {
              "amount": 1,
              "matches": [
                "{id:\"naturesaura:token_joy\",Count:1,Damage:0s}"
              ]
            }
          }
        ]
      },
      "outputs": {
        "item": [
          {
            "chance": 1.0,
            "content": {
              "amount": 2,
              "matches": [
                "{id:\"naturesaura:token_euphoria\",Count:2,Damage:0s}"
              ]
            }
          }
        ]
      }
    }
  ]
}