{
  "version": 2,
  "location": "ivtechsky:basic_crusher",
  "traits": {},
  "properties": {
    "rotationState": "ALL",
    "showInJei": true,
    "isOpaque": true,
    "hasCollision": true,
    "destroyTime": 1.5,
    "explosionResistance": 10.0,
    "harvestLevel": 1,
    "stackSize": 64,
    "tabGroup": "multiblocked"
  },
  "status": {
    "unformed": {
      "renderer": {
        "state": {
          "id": "modularmachinery:blockcontroller",
          "meta": 1
        },
        "type": "blockstate"
      }
    },
    "idle": {
      "parent": "unformed"
    },
    "working": {
      "parent": "idle"
    },
    "suspend": {
      "parent": "working"
    }
  },
  "recipeMap": "basic_crusher",
  "catalyst": "{id:\"excompressum:compressed_block\",Count:1,Damage:1s}",
  "consumeCatalyst": "NOT_CONSUMED",
  "noNeedController": false,
  "basePattern": {
    "structureDir": [
      "LEFT",
      "UP",
      "BACK"
    ],
    "pattern": [
      [
        " AAAAA ",
        " AA@AA ",
        " A   A ",
        " BBBBB ",
        "       "
      ],
      [
        "AACCCAA",
        "AA   AA",
        "A     A",
        "BD   DB",
        "  BDB  "
      ],
      [
        "ACCECCA",
        "A F F A",
        "  BBB  ",
        "BD   DB",
        "  BDB  "
      ],
      [
        "ACEEECA",
        "G  H  I",
        "  B B  ",
        "BD   DB",
        "  BDB  "
      ],
      [
        "ACCECCA",
        "A F F A",
        "  BBB  ",
        "BD   DB",
        "  BDB  "
      ],
      [
        "AACCCAA",
        "AA   AA",
        "A     A",
        "BD   DB",
        "  BDB  "
      ],
      [
        " AAAAA ",
        " AAAAA ",
        " A   A ",
        " BBBBB ",
        "       "
      ]
    ],
    "aisleRepetitions": [
      [
        1,
        1
      ],
      [
        1,
        1
      ],
      [
        1,
        1
      ],
      [
        1,
        1
      ],
      [
        1,
        1
      ],
      [
        1,
        1
      ],
      [
        1,
        1
      ]
    ],
    "predicates": {
      "A": {
        "states": [
          {
            "id": "minecraft:cobblestone",
            "meta": 0
          }
        ],
        "type": "states"
      },
      "controller": {
        "location": "ivtechsky:basic_crusher",
        "type": "component"
      },
      "B": {
        "states": [
          {
            "id": "minecraft:stone_slab",
            "meta": 0
          }
        ],
        "type": "states"
      },
      "C": {
        "states": [
          {
            "id": "tconstruct:seared",
            "meta": 3
          }
        ],
        "type": "states"
      },
      "D": {
        "states": [
          {
            "id": "minecraft:stone_slab",
            "meta": 8
          }
        ],
        "type": "states"
      },
      "E": {
        "states": [
          {
            "id": "minecraft:hardened_clay",
            "meta": 0
          }
        ],
        "type": "states"
      },
      "F": {
        "states": [
          {
            "id": "excompressum:compressed_block",
            "meta": 1
          }
        ],
        "type": "states"
      },
      "H": {
        "states": [
          {
            "id": "magneticraft:crushing_table",
            "meta": 0
          }
        ],
        "type": "states"
      },
      "J": {
        "capability": "item",
        "type": "capability"
      },
      "K": {
        "capability": "item",
        "type": "capability"
      },
      "any": {
        "type": "any"
      }
    },
    "symbolMap": {
      "@": [
        "controller"
      ],
      " ": [
        "any"
      ],
      "A": [
        "A"
      ],
      "B": [
        "B"
      ],
      "C": [
        "C"
      ],
      "D": [
        "D"
      ],
      "E": [
        "E"
      ],
      "F": [
        "F"
      ],
      "G": [
        "K"
      ],
      "H": [
        "H"
      ],
      "I": [
        "J"
      ]
    }
  }
}