{
  "version": 2,
  "location": "sakuracloud:advanced_fluid_generator",
  "traits": {},
  "properties": {
    "rotationState": "ALL",
    "showInJei": true,
    "isOpaque": true,
    "hasCollision": true,
    "destroyTime": 1.5,
    "explosionResistance": 10.0,
    "harvestLevel": 1,
    "stackSize": 64,
    "tabGroup": "multiblocked"
  },
  "status": {
    "unformed": {
      "renderer": {
        "baseTexture": "multiblocked:machine_casing_fusion",
        "frontTexture": "multiblocked:blocks/gregtech_front",
        "type": "gregtech"
      }
    },
    "idle": {
      "parent": "unformed"
    },
    "working": {
      "parent": "idle"
    },
    "suspend": {
      "parent": "working"
    }
  },
  "recipeMap": "advanced_fluid_generator",
  "catalyst": "{id:\"modularmachinery:itemblueprint\",Count:1,Damage:0s,tag:{dynamicmachine:\"modularmachinery:ivminieng\"}}",
  "consumeCatalyst": "NOT_CONSUMED",
  "noNeedController": true,
  "basePattern": {
    "structureDir": [
      "BACK",
      "UP",
      "RIGHT"
    ],
    "pattern": [
      [
        "  A  ",
        "  A  ",
        "  B  ",
        "  A  ",
        "  A  ",
        "     "
      ],
      [
        " ACA ",
        " DED ",
        " FEF ",
        " DED ",
        " AAA ",
        "  A  "
      ],
      [
        "ACGCA",
        "AHFIA",
        "@HFIB",
        "LHFIA",
        "ACCCA",
        " AJA "
      ],
      [
        " ACA ",
        " DKD ",
        " FKF ",
        " DKD ",
        " AAA ",
        "  A  "
      ],
      [
        "  A  ",
        "  A  ",
        "  B  ",
        "  A  ",
        "  A  ",
        "     "
      ]
    ],
    "aisleRepetitions": [
      [
        1,
        1
      ],
      [
        1,
        1
      ],
      [
        1,
        1
      ],
      [
        1,
        1
      ],
      [
        1,
        1
      ]
    ],
    "predicates": {
      "A": {
        "states": [
          {
            "id": "tp:hardened_stone_bricks",
            "meta": 0
          }
        ],
        "type": "states"
      },
      "1": {
        "capability": "fluid",
        "type": "capability"
      },
      "controller": {
        "location": "sakuracloud:advanced_fluid_generator",
        "type": "component"
      },
      "2": {
        "capability": "forge_energy",
        "type": "capability"
      },
      "C": {
        "states": [
          {
            "id": "modularmachinery:blockcasing",
            "meta": 0
          }
        ],
        "type": "states"
      },
      "D": {
        "states": [
          {
            "id": "extrautils2:ineffableglass",
            "meta": 0
          }
        ],
        "type": "states"
      },
      "F": {
        "states": [
          {
            "id": "extrautils2:ineffableglass",
            "meta": 2
          }
        ],
        "type": "states"
      },
      "G": {
        "states": [
          {
            "id": "modularmachinery:blockcasing",
            "meta": 4
          }
        ],
        "type": "states"
      },
      "J": {
        "states": [
          {
            "id": "modularmachinery:blockcasing",
            "meta": 1
          }
        ],
        "type": "states"
      },
      "air": {
        "type": "air"
      },
      "any": {
        "type": "any"
      }
    },
    "symbolMap": {
      "@": [
        "controller"
      ],
      " ": [
        "any"
      ],
      "A": [
        "A"
      ],
      "B": [
        "1",
        "2"
      ],
      "C": [
        "C"
      ],
      "D": [
        "D"
      ],
      "E": [
        "air"
      ],
      "F": [
        "F"
      ],
      "G": [
        "G"
      ],
      "H": [
        "any"
      ],
      "I": [
        "any"
      ],
      "J": [
        "J"
      ],
      "K": [
        "any"
      ],
      "L": [
        "1",
        "2"
      ]
    }
  }
}