{
  "version": 2,
  "location": "sakuracloud:nether_star_reactor",
  "traits": {},
  "properties": {
    "rotationState": "ALL",
    "showInJei": true,
    "isOpaque": true,
    "hasCollision": true,
    "destroyTime": 1.5,
    "explosionResistance": 10.0,
    "harvestLevel": 1,
    "stackSize": 64,
    "tabGroup": "multiblocked"
  },
  "status": {
    "unformed": {
      "renderer": {
        "state": {
          "id": "tp:netherstar_block",
          "meta": 0
        },
        "type": "blockstate"
      }
    },
    "idle": {
      "parent": "unformed"
    },
    "working": {
      "parent": "idle"
    },
    "suspend": {
      "parent": "working"
    }
  },
  "recipeMap": "nether_star_reactor",
  "basePattern": {
    "structureDir": [
      "LEFT",
      "UP",
      "BACK"
    ],
    "pattern": [
      [
        "     CC@CC     ",
        "               ",
        "               ",
        "               ",
        "               ",
        "               ",
        "               ",
        "               ",
        "               ",
        "               ",
        "               ",
        "               ",
        "               ",
        "               ",
        "               ",
        "               ",
        "               ",
        "      FFF      ",
        "      F F      ",
        "      FFF      ",
        "               ",
        "               ",
        "               ",
        "               ",
        "               ",
        "               ",
        "               ",
        "               ",
        "               ",
        "               ",
        "               ",
        "               ",
        "               ",
        "               ",
        "               ",
        "               ",
        "     GGGGG     "
      ],
      [
        "   CCEEEEECC   ",
        "       B       ",
        "               ",
        "               ",
        "               ",
        "               ",
        "               ",
        "               ",
        "               ",
        "               ",
        "               ",
        "               ",
        "               ",
        "               ",
        "               ",
        "      F F      ",
        "      F F      ",
        "    FF D FF    ",
        "      DDD      ",
        "    FF D FF    ",
        "      F F      ",
        "      F F      ",
        "               ",
        "               ",
        "               ",
        "               ",
        "               ",
        "               ",
        "               ",
        "               ",
        "               ",
        "               ",
        "               ",
        "               ",
        "               ",
        "       B       ",
        "   GGEEEEEGG   "
      ],
      [
        "  CEEEEEEEEEC  ",
        "       B       ",
        "       B       ",
        "               ",
        "               ",
        "               ",
        "               ",
        "               ",
        "               ",
        "               ",
        "               ",
        "               ",
        "               ",
        "               ",
        "      F F      ",
        "       D       ",
        "       D       ",
        "   F       F   ",
        "    DD   DD    ",
        "   F       F   ",
        "       D       ",
        "       D       ",
        "      F F      ",
        "               ",
        "               ",
        "               ",
        "               ",
        "               ",
        "               ",
        "               ",
        "               ",
        "               ",
        "               ",
        "               ",
        "       B       ",
        "       B       ",
        "  GEEEEEEEEEG  "
      ],
      [
        " CEEEEEEEEEEEC ",
        "       B       ",
        "       B       ",
        "       B       ",
        "       B       ",
        "               ",
        "               ",
        "               ",
        "               ",
        "               ",
        "               ",
        "               ",
        "               ",
        "      F F      ",
        "       D       ",
        "               ",
        "               ",
        "  F         F  ",
        "   D       D   ",
        "  F         F  ",
        "               ",
        "               ",
        "       D       ",
        "      F F      ",
        "               ",
        "               ",
        "               ",
        "               ",
        "               ",
        "               ",
        "               ",
        "               ",
        "       B       ",
        "       B       ",
        "       B       ",
        "       B       ",
        " GEEEEEEEEEEEG "
      ],
      [
        " CEEEEEEEEEEEC ",
        "     FFBFF     ",
        "       B       ",
        "       B       ",
        "       B       ",
        "       B       ",
        "       B       ",
        "       B       ",
        "               ",
        "               ",
        "               ",
        "               ",
        "      F F      ",
        "       D       ",
        "               ",
        "               ",
        "               ",
        " F           F ",
        "  D         D  ",
        " F           F ",
        "               ",
        "               ",
        "               ",
        "       D       ",
        "      F F      ",
        "               ",
        "               ",
        "               ",
        "               ",
        "       B       ",
        "       B       ",
        "       B       ",
        "       B       ",
        "       B       ",
        "       B       ",
        "     FFBFF     ",
        " GEEEEEEEEEEEG "
      ],
      [
        "CEEEEEEEEEEEEEC",
        "    FFADAFF    ",
        "      ADA      ",
        "      ADA      ",
        "      ADA      ",
        "      ADA      ",
        "      ADA      ",
        "      ADA      ",
        "       D       ",
        "               ",
        "               ",
        "               ",
        "      F F      ",
        "       D       ",
        "               ",
        "               ",
        "               ",
        " F           F ",
        "  D         D  ",
        " F           F ",
        "               ",
        "               ",
        "               ",
        "       D       ",
        "      F F      ",
        "               ",
        "               ",
        "               ",
        "       D       ",
        "      ADA      ",
        "      ADA      ",
        "      ADA      ",
        "      ADA      ",
        "      ADA      ",
        "      ADA      ",
        "    FFADAFF    ",
        "GEEEEEEEEEEEEEG"
      ],
      [
        "CEEEEEEEEEEEEEC",
        "    FA F AF    ",
        "     A F A     ",
        "     A F A     ",
        "     A F A     ",
        "     A F A     ",
        "     A F A     ",
        "     A F A     ",
        "       F       ",
        "       F       ",
        "       F       ",
        "      FFF      ",
        "    FF D FF    ",
        "   F       F   ",
        "  F         F  ",
        " F           F ",
        " F           F ",
        "F             F",
        "FD           DF",
        "F             F",
        " F           F ",
        " F           F ",
        "  F         F  ",
        "   F       F   ",
        "    FF D FF    ",
        "      FFF      ",
        "       F       ",
        "       F       ",
        "       F       ",
        "     A F A     ",
        "     A F A     ",
        "     A F A     ",
        "     A F A     ",
        "     A F A     ",
        "     A F A     ",
        "    FA F AF    ",
        "GEEEEEEEEEEEEEG"
      ],
      [
        "CEEEEEEEEEEEEEC",
        " BBBBDF FDBBBB ",
        "  BBBDF FDBBB  ",
        "   BBDF FDBB   ",
        "   BBDF FDBB   ",
        "    BDF FDB    ",
        "    BDF FDB    ",
        "    BDF FDB    ",
        "     DF FD     ",
        "      F F      ",
        "      F F      ",
        "      F F      ",
        "      DDD      ",
        "    DD   DD    ",
        "   D       D   ",
        "  D         D  ",
        "  D         D  ",
        "FD           DF",
        " D           D ",
        "FD           DF",
        "  D         D  ",
        "  D         D  ",
        "   D       D   ",
        "    DD   DD    ",
        "      DDD      ",
        "      F F      ",
        "      F F      ",
        "      F F      ",
        "     DF FD     ",
        "    BDF FDB    ",
        "    BDF FDB    ",
        "    BDF FDB    ",
        "   BBDF FDBB   ",
        "   BBDF FDBB   ",
        "  BBBDF FDBBB  ",
        " BBBBDF FDBBBB ",
        "GEEEEEEEEEEEEEG"
      ],
      [
        "CEEEEEEEEEEEEEC",
        "    FA F AF    ",
        "     A F A     ",
        "     A F A     ",
        "     A F A     ",
        "     A F A     ",
        "     A F A     ",
        "     A F A     ",
        "       F       ",
        "       F       ",
        "       F       ",
        "      FFF      ",
        "    FF D FF    ",
        "   F       F   ",
        "  F         F  ",
        " F           F ",
        " F           F ",
        "F             F",
        "FD           DF",
        "F             F",
        " F           F ",
        " F           F ",
        "  F         F  ",
        "   F       F   ",
        "    FF D FF    ",
        "      FFF      ",
        "       F       ",
        "       F       ",
        "       F       ",
        "     A F A     ",
        "     A F A     ",
        "     A F A     ",
        "     A F A     ",
        "     A F A     ",
        "     A F A     ",
        "    FA F AF    ",
        "GEEEEEEEEEEEEEG"
      ],
      [
        "CEEEEEEEEEEEEEC",
        "    FFADAFF    ",
        "      ADA      ",
        "      ADA      ",
        "      ADA      ",
        "      ADA      ",
        "      ADA      ",
        "      ADA      ",
        "       D       ",
        "               ",
        "               ",
        "               ",
        "      F F      ",
        "       D       ",
        "               ",
        "               ",
        "               ",
        " F           F ",
        "  D         D  ",
        " F           F ",
        "               ",
        "               ",
        "               ",
        "       D       ",
        "      F F      ",
        "               ",
        "               ",
        "               ",
        "       D       ",
        "      ADA      ",
        "      ADA      ",
        "      ADA      ",
        "      ADA      ",
        "      ADA      ",
        "      ADA      ",
        "    FFADAFF    ",
        "GEEEEEEEEEEEEEG"
      ],
      [
        " CEEEEEEEEEEEC ",
        "     FFBFF     ",
        "       B       ",
        "       B       ",
        "       B       ",
        "       B       ",
        "       B       ",
        "       B       ",
        "               ",
        "               ",
        "               ",
        "               ",
        "      F F      ",
        "       D       ",
        "               ",
        "               ",
        "               ",
        " F           F ",
        "  D         D  ",
        " F           F ",
        "               ",
        "               ",
        "               ",
        "       D       ",
        "      F F      ",
        "               ",
        "               ",
        "               ",
        "               ",
        "       B       ",
        "       B       ",
        "       B       ",
        "       B       ",
        "       B       ",
        "       B       ",
        "     FFBFF     ",
        " GEEEEEEEEEEEG "
      ],
      [
        " CEEEEEEEEEEEC ",
        "       B       ",
        "       B       ",
        "       B       ",
        "       B       ",
        "               ",
        "               ",
        "               ",
        "               ",
        "               ",
        "               ",
        "               ",
        "               ",
        "      F F      ",
        "       D       ",
        "               ",
        "               ",
        "  F         F  ",
        "   D       D   ",
        "  F         F  ",
        "               ",
        "               ",
        "       D       ",
        "      F F      ",
        "               ",
        "               ",
        "               ",
        "               ",
        "               ",
        "               ",
        "               ",
        "               ",
        "       B       ",
        "       B       ",
        "       B       ",
        "       B       ",
        " GEEEEEEEEEEEG "
      ],
      [
        "  CEEEEEEEEEC  ",
        "       B       ",
        "       B       ",
        "               ",
        "               ",
        "               ",
        "               ",
        "               ",
        "               ",
        "               ",
        "               ",
        "               ",
        "               ",
        "               ",
        "      F F      ",
        "       D       ",
        "       D       ",
        "   F       F   ",
        "    DD   DD    ",
        "   F       F   ",
        "       D       ",
        "       D       ",
        "      F F      ",
        "               ",
        "               ",
        "               ",
        "               ",
        "               ",
        "               ",
        "               ",
        "               ",
        "               ",
        "               ",
        "               ",
        "       B       ",
        "       B       ",
        "  GEEEEEEEEEG  "
      ],
      [
        "   CCEEEEECC   ",
        "       B       ",
        "               ",
        "               ",
        "               ",
        "               ",
        "               ",
        "               ",
        "               ",
        "               ",
        "               ",
        "               ",
        "               ",
        "               ",
        "               ",
        "      F F      ",
        "      F F      ",
        "    FF D FF    ",
        "      DDD      ",
        "    FF D FF    ",
        "      F F      ",
        "      F F      ",
        "               ",
        "               ",
        "               ",
        "               ",
        "               ",
        "               ",
        "               ",
        "               ",
        "               ",
        "               ",
        "               ",
        "               ",
        "               ",
        "       B       ",
        "   GGEEEEEGG   "
      ],
      [
        "     CCCCC     ",
        "               ",
        "               ",
        "               ",
        "               ",
        "               ",
        "               ",
        "               ",
        "               ",
        "               ",
        "               ",
        "               ",
        "               ",
        "               ",
        "               ",
        "               ",
        "               ",
        "      FFF      ",
        "      F F      ",
        "      FFF      ",
        "               ",
        "               ",
        "               ",
        "               ",
        "               ",
        "               ",
        "               ",
        "               ",
        "               ",
        "               ",
        "               ",
        "               ",
        "               ",
        "               ",
        "               ",
        "               ",
        "     GGGGG     "
      ]
    ],
    "aisleRepetitions": [
      [
        1,
        1
      ],
      [
        1,
        1
      ],
      [
        1,
        1
      ],
      [
        1,
        1
      ],
      [
        1,
        1
      ],
      [
        1,
        1
      ],
      [
        1,
        1
      ],
      [
        1,
        1
      ],
      [
        1,
        1
      ],
      [
        1,
        1
      ],
      [
        1,
        1
      ],
      [
        1,
        1
      ],
      [
        1,
        1
      ],
      [
        1,
        1
      ],
      [
        1,
        1
      ]
    ],
    "predicates": {
      "A": {
        "states": [
          {
            "id": "astralsorcery:blockmarble",
            "meta": 6
          }
        ],
        "type": "states"
      },
      "controller": {
        "location": "sakuracloud:nether_star_reactor",
        "type": "component"
      },
      "B": {
        "states": [
          {
            "id": "prodigytech:zorrasteel_block",
            "meta": 0
          }
        ],
        "type": "states"
      },
      "C": {
        "states": [
          {
            "id": "minecraft:sea_lantern",
            "meta": 0
          }
        ],
        "type": "states"
      },
      "D": {
        "states": [
          {
            "id": "extendedcrafting:storage",
            "meta": 2
          }
        ],
        "type": "states"
      },
      "E": {
        "states": [
          {
            "id": "astralsorcery:blockmarble",
            "meta": 0
          }
        ],
        "type": "states"
      },
      "F": {
        "states": [
          {
            "id": "mekanism:glowplasticblock",
            "meta": 15
          }
        ],
        "type": "states"
      },
      "G": {
        "states": [
          {
            "id": "minecraft:sea_lantern",
            "meta": 0
          }
        ],
        "type": "states"
      },
      "H": {
        "capability": "item",
        "type": "capability"
      },
      "I": {
        "capability": "forge_energy",
        "type": "capability"
      },
      "any": {
        "type": "any"
      }
    },
    "symbolMap": {
      "@": [
        "controller"
      ],
      " ": [
        "any"
      ],
      "A": [
        "A"
      ],
      "B": [
        "B"
      ],
      "C": [
        "C",
        "H",
        "I"
      ],
      "D": [
        "D"
      ],
      "E": [
        "E"
      ],
      "F": [
        "F"
      ],
      "G": [
        "G"
      ]
    }
  }
}