{
  "version": 2,
  "location": "sakuracloud:crystal_greenhouse",
  "traits": {},
  "properties": {
    "rotationState": "ALL",
    "showInJei": true,
    "isOpaque": true,
    "hasCollision": true,
    "destroyTime": 1.5,
    "explosionResistance": 10.0,
    "harvestLevel": 1,
    "stackSize": 64,
    "tabGroup": "multiblocked"
  },
  "status": {
    "unformed": {
      "renderer": {
        "state": {
          "id": "prodigytech:automatic_crystal_cutter",
          "meta": 1
        },
        "type": "blockstate"
      }
    },
    "idle": {
      "parent": "unformed"
    },
    "working": {
      "parent": "idle"
    },
    "suspend": {
      "parent": "working"
    }
  },
  "recipeMap": "crystal_greenhouse",
  "catalyst": "{id:\"prodigytech:automatic_crystal_cutter\",Count:1,Damage:0s}",
  "consumeCatalyst": "NOT_CONSUMED",
  "noNeedController": false,
  "basePattern": {
    "structureDir": [
      "LEFT",
      "UP",
      "BACK"
    ],
    "pattern": [
      [
        "AA@AA",
        "BBBBB",
        "CCCCC",
        "CCCCC",
        "DDDDD",
        "BBBBB"
      ],
      [
        "AHHHA",
        "BEEEB",
        "C   C",
        "C   C",
        "DFFFD",
        "BBBBB"
      ],
      [
        "AHHHA",
        "BEGEB",
        "C   C",
        "C   C",
        "DFFFD",
        "BBBBB"
      ],
      [
        "AHHHA",
        "BEEEB",
        "C   C",
        "C   C",
        "DFFFD",
        "BBBBB"
      ],
      [
        "AAAAA",
        "BBBBB",
        "CCCCC",
        "CCCCC",
        "DDDDD",
        "BBBBB"
      ]
    ],
    "aisleRepetitions": [
      [
        1,
        1
      ],
      [
        1,
        1
      ],
      [
        1,
        1
      ],
      [
        1,
        1
      ],
      [
        1,
        1
      ]
    ],
    "predicates": {
      "A": {
        "states": [
          {
            "id": "modularmachinery:blockcasing",
            "meta": 0
          }
        ],
        "type": "states"
      },
      "controller": {
        "location": "sakuracloud:crystal_greenhouse",
        "type": "component"
      },
      "B": {
        "states": [
          {
            "id": "prodigytech:ferramic_block",
            "meta": 0
          }
        ],
        "type": "states"
      },
      "C": {
        "states": [
          {
            "id": "extrautils2:ineffableglass",
            "meta": 2
          }
        ],
        "type": "states"
      },
      "D": {
        "states": [
          {
            "id": "prodigytech:zorrasteel_block",
            "meta": 0
          }
        ],
        "type": "states"
      },
      "E": {
        "states": [
          {
            "id": "prodigytech:magmatic_aeroheater",
            "meta": 0
          }
        ],
        "type": "states"
      },
      "F": {
        "states": [
          {
            "id": "minecraft:sea_lantern",
            "meta": 0
          }
        ],
        "type": "states"
      },
      "G": {
        "states": [
          {
            "id": "thermalfoundation:fluid_pyrotheum",
            "meta": 0
          }
        ],
        "type": "states"
      },
      "H": {
        "states": [
          {
            "id": "modularmachinery:blockcasing",
            "meta": 0
          }
        ],
        "type": "states"
      },
      "I": {
        "capability": "item",
        "type": "capability"
      },
      "any": {
        "type": "any"
      }
    },
    "symbolMap": {
      "@": [
        "controller"
      ],
      " ": [
        "any"
      ],
      "A": [
        "A",
        "I"
      ],
      "B": [
        "B"
      ],
      "C": [
        "C"
      ],
      "D": [
        "D"
      ],
      "E": [
        "E"
      ],
      "F": [
        "F"
      ],
      "G": [
        "G"
      ],
      "H": [
        "H"
      ]
    }
  }
}