{
  "version": 2,
  "location": "sakuracloud:chemical_reactor",
  "traits": {},
  "properties": {
    "rotationState": "ALL",
    "showInJei": true,
    "isOpaque": true,
    "hasCollision": true,
    "destroyTime": 1.5,
    "explosionResistance": 10.0,
    "harvestLevel": 1,
    "stackSize": 64,
    "tabGroup": "multiblocked"
  },
  "status": {
    "unformed": {
      "renderer": {
        "baseTexture": "multiblocked:machine_casing_stable_titanium",
        "frontTexture": "multiblocked:chemical_reactor",
        "type": "gregtech"
      }
    },
    "idle": {
      "parent": "unformed"
    },
    "working": {
      "parent": "idle"
    },
    "suspend": {
      "parent": "working"
    }
  },
  "recipeMap": "chemical_reactor",
  "basePattern": {
    "structureDir": [
      "BACK",
      "UP",
      "RIGHT"
    ],
    "pattern": [
      [
        "         ",
        "         ",
        "         ",
        "         ",
        "   AAA   ",
        "         ",
        "         ",
        "         ",
        "         "
      ],
      [
        "   GGG   ",
        "         ",
        "         ",
        "         ",
        "  A   A  ",
        "         ",
        "         ",
        "         ",
        "   BBB   "
      ],
      [
        "  BBBBB  ",
        "    C    ",
        "   D D   ",
        "         ",
        " A     A ",
        "         ",
        "   D D   ",
        "    C    ",
        "  BBBBB  "
      ],
      [
        " GBBBBBG ",
        "    E    ",
        "  D E D  ",
        "   DED   ",
        "A   E   A",
        "   DED   ",
        "  D E D  ",
        "    E    ",
        " BBBBBBB "
      ],
      [
        " @BBBBBG ",
        "  HEFEC  ",
        "   EFE   ",
        "   EFE   ",
        "A  EFE  A",
        "   EFE   ",
        "   EFE   ",
        "  CEFEC  ",
        " BBBBBBB "
      ],
      [
        " GBBBBBG ",
        "    E    ",
        "  D E D  ",
        "   DED   ",
        "A   E   A",
        "   DED   ",
        "  D E D  ",
        "    E    ",
        " BBBBBBB "
      ],
      [
        "  BBBBB  ",
        "    C    ",
        "   D D   ",
        "         ",
        " A     A ",
        "         ",
        "   D D   ",
        "    C    ",
        "  BBBBB  "
      ],
      [
        "   GGG   ",
        "         ",
        "         ",
        "         ",
        "  A   A  ",
        "         ",
        "         ",
        "         ",
        "   BBB   "
      ],
      [
        "         ",
        "         ",
        "         ",
        "         ",
        "   AAA   ",
        "         ",
        "         ",
        "         ",
        "         "
      ]
    ],
    "aisleRepetitions": [
      [
        1,
        1
      ],
      [
        1,
        1
      ],
      [
        1,
        1
      ],
      [
        1,
        1
      ],
      [
        1,
        1
      ],
      [
        1,
        1
      ],
      [
        1,
        1
      ],
      [
        1,
        1
      ],
      [
        1,
        1
      ]
    ],
    "predicates": {
      "A": {
        "states": [
          {
            "id": "minecraft:sea_lantern",
            "meta": 0
          }
        ],
        "type": "states"
      },
      "controller": {
        "location": "sakuracloud:chemical_reactor",
        "type": "component"
      },
      "B": {
        "states": [
          {
            "id": "prodigytech:zorrasteel_block",
            "meta": 0
          }
        ],
        "type": "states"
      },
      "C": {
        "states": [
          {
            "id": "actuallyadditions:block_crystal_empowered",
            "meta": 2
          }
        ],
        "type": "states"
      },
      "c": {
        "capability": "item",
        "type": "capability"
      },
      "cf": {
        "location": "sakuracloud:data",
        "type": "component"
      },
      "D": {
        "states": [
          {
            "id": "immersiveengineering:metal_decoration1",
            "meta": 1
          }
        ],
        "type": "states"
      },
      "d": {
        "capability": "forge_energy",
        "type": "capability"
      },
      "E": {
        "states": [
          {
            "id": "mekanism:basicblock2",
            "meta": 0
          }
        ],
        "type": "states"
      },
      "f": {
        "blocks": [
          {
            "id": "sakuracloud:data"
          }
        ],
        "type": "blocks"
      },
      "g": {
        "blocks": [
          {
            "id": "sakuracloud:singularity_block"
          }
        ],
        "type": "blocks"
      },
      "any": {
        "type": "any"
      }
    },
    "symbolMap": {
      "@": [
        "controller"
      ],
      " ": [
        "any"
      ],
      "A": [
        "A"
      ],
      "B": [
        "B"
      ],
      "C": [
        "C"
      ],
      "D": [
        "D"
      ],
      "E": [
        "E"
      ],
      "F": [
        "cf",
        "f",
        "g"
      ],
      "G": [
        "B",
        "c",
        "d"
      ],
      "H": [
        "g"
      ]
    }
  }
}