{
  "version": 2,
  "location": "sakuracloud:craft_table",
  "traits": {
    "item": [
      {
        "cIO": 0,
        "gIO": 2,
        "mIO": 0,
        "x": 27,
        "y": 41,
        "autoIO": false
      },
      {
        "cIO": 0,
        "gIO": 2,
        "mIO": 0,
        "x": 48,
        "y": 41,
        "autoIO": false
      },
      {
        "cIO": 0,
        "gIO": 2,
        "mIO": 0,
        "x": 70,
        "y": 41,
        "autoIO": false
      },
      {
        "cIO": 0,
        "gIO": 2,
        "mIO": 0,
        "x": 27,
        "y": 63,
        "autoIO": false
      },
      {
        "cIO": 0,
        "gIO": 2,
        "mIO": 0,
        "x": 48,
        "y": 63,
        "autoIO": false
      },
      {
        "cIO": 0,
        "gIO": 2,
        "mIO": 0,
        "x": 70,
        "y": 63,
        "autoIO": false
      },
      {
        "cIO": 0,
        "gIO": 2,
        "mIO": 0,
        "x": 27,
        "y": 84,
        "autoIO": false
      },
      {
        "cIO": 0,
        "gIO": 2,
        "mIO": 0,
        "x": 48,
        "y": 84,
        "autoIO": false
      },
      {
        "cIO": 0,
        "gIO": 2,
        "mIO": 0,
        "x": 70,
        "y": 84,
        "autoIO": false
      },
      {
        "cIO": 1,
        "gIO": 1,
        "mIO": 1,
        "slotName": "输出",
        "x": 141,
        "y": 61,
        "autoIO": true
      }
    ],
    "background": "multiblocked:textures/gui.png"
  },
  "properties": {
    "rotationState": "ALL",
    "showInJei": true,
    "isOpaque": true,
    "hasCollision": true,
    "destroyTime": 1.5,
    "explosionResistance": 10.0,
    "harvestLevel": 1,
    "stackSize": 64,
    "tabGroup": "multiblocked"
  },
  "status": {
    "unformed": {
      "renderer": {
        "baseTexture": "multiblocked:craft_table/bottom",
        "frontTexture": "multiblocked:craft_table/top",
        "backTexture": "multiblocked:craft_table/bottom",
        "leftTexture": "multiblocked:craft_table/bottom",
        "rightTexture": "multiblocked:craft_table/bottom",
        "upTexture": "multiblocked:craft_table/bottom",
        "downTexture": "multiblocked:craft_table/bottom",
        "type": "gregtech"
      },
      "lightEmissive": 10
    },
    "idle": {
      "parent": "unformed"
    },
    "working": {
      "parent": "idle"
    },
    "suspend": {
      "parent": "working"
    }
  },
  "recipeMap": "craft_table",
  "catalyst": "{id:\"minecraft:crafting_table\",Count:1,Damage:0s}",
  "consumeCatalyst": "CONSUMED",
  "noNeedController": true,
  "basePattern": {
    "structureDir": [
      "BACK",
      "UP",
      "RIGHT"
    ],
    "pattern": [
      [
        "AAA",
        "AAA",
        "AAA"
      ],
      [
        "AAA",
        "@AA",
        "BAA"
      ],
      [
        "AAA",
        "AAA",
        "AAA"
      ]
    ],
    "aisleRepetitions": [
      [
        1,
        1
      ],
      [
        1,
        1
      ],
      [
        1,
        1
      ]
    ],
    "predicates": {
      "A": {
        "states": [
          {
            "id": "extendedcrafting:crafting_table",
            "meta": 0
          },
          {
            "id": "minecraft:crafting_table",
            "meta": 0
          }
        ],
        "type": "states"
      },
      "controller": {
        "location": "sakuracloud:craft_table",
        "type": "component"
      },
      "B": {
        "capability": "item",
        "type": "capability"
      }
    },
    "symbolMap": {
      "@": [
        "A",
        "controller"
      ],
      "A": [
        "A"
      ],
      "B": [
        "A",
        "B"
      ]
    }
  }
}