{
  "version": 2,
  "location": "sakuracloud:data_provider",
  "traits": {},
  "properties": {
    "rotationState": "ALL",
    "showInJei": true,
    "isOpaque": true,
    "hasCollision": true,
    "destroyTime": 1.5,
    "explosionResistance": 10.0,
    "harvestLevel": 1,
    "stackSize": 64,
    "tabGroup": "multiblocked"
  },
  "status": {
    "unformed": {
      "renderer": {
        "baseTexture": "multiblocked:machine_casing_fusion",
        "frontTexture": "multiblocked:unkown",
        "type": "gregtech"
      }
    },
    "idle": {
      "parent": "unformed"
    },
    "working": {
      "renderer": {
        "baseTexture": "multiblocked:machine_casing_fusion",
        "frontTexture": "multiblocked:overlay_qtank",
        "type": "gregtech"
      },
      "parent": "idle"
    },
    "suspend": {
      "parent": "working"
    }
  },
  "recipeMap": "data_provider",
  "basePattern": {
    "structureDir": [
      "BACK",
      "UP",
      "RIGHT"
    ],
    "pattern": [
      [
        "     ",
        "  A  ",
        " AAA ",
        "  A  ",
        "     ",
        "  A  ",
        " AAA ",
        "  A  ",
        "     "
      ],
      [
        "  A  ",
        " AAA ",
        "AAAAA",
        " AAA ",
        "  B  ",
        " AAA ",
        "AAAAA",
        " AAA ",
        "  A  "
      ],
      [
        " AAA ",
        "AAAAA",
        "@AAAA",
        "AAAAA",
        " B B ",
        "AAAAA",
        "AAAAA",
        "AAAAA",
        " AAA "
      ],
      [
        "  A  ",
        " AAA ",
        "AAAAA",
        " AAA ",
        "  B  ",
        " AAA ",
        "AAAAA",
        " AAA ",
        "  A  "
      ],
      [
        "     ",
        "  A  ",
        " AAA ",
        "  A  ",
        "     ",
        "  A  ",
        " AAA ",
        "  A  ",
        "     "
      ]
    ],
    "aisleRepetitions": [
      [
        1,
        1
      ],
      [
        1,
        1
      ],
      [
        1,
        1
      ],
      [
        1,
        1
      ],
      [
        1,
        1
      ]
    ],
    "predicates": {
      "A": {
        "states": [
          {
            "id": "mekanism:basicblock2",
            "meta": 1
          }
        ],
        "type": "states"
      },
      "controller": {
        "location": "sakuracloud:data_provider",
        "type": "component"
      },
      "B": {
        "states": [
          {
            "id": "minecraft:sea_lantern",
            "meta": 0
          }
        ],
        "type": "states"
      },
      "air": {
        "type": "air"
      },
      "any": {
        "type": "any"
      }
    },
    "symbolMap": {
      "@": [
        "controller"
      ],
      " ": [
        "any"
      ],
      "A": [
        "A"
      ],
      "B": [
        "B"
      ],
      "-": [
        "air"
      ]
    }
  }
}