{
  "version": 2,
  "location": "sakuracloud:astral_extruder",
  "traits": {
    "starlight_as": {
      "cIO": 2,
      "gIO": 2,
      "x": 28,
      "y": 66,
      "width": 120,
      "height": 18,
      "texture": "multiblocked:textures/gui/energy_bar.png",
      "fillDirection": 0,
      "capacity": 30000,
      "passiveStarlight": true
    }
  },
  "properties": {
    "rotationState": "ALL",
    "showInJei": true,
    "isOpaque": true,
    "hasCollision": true,
    "destroyTime": 1.5,
    "explosionResistance": 10.0,
    "harvestLevel": 1,
    "stackSize": 64,
    "tabGroup": "multiblocked"
  },
  "status": {
    "unformed": {
      "renderer": {
        "state": {
          "id": "chisel:marblepillar",
          "meta": 4
        },
        "type": "blockstate"
      }
    },
    "idle": {
      "parent": "unformed"
    },
    "working": {
      "parent": "idle"
    },
    "suspend": {
      "parent": "working"
    }
  },
  "recipeMap": "astral_extruder",
  "basePattern": {
    "structureDir": [
      "BACK",
      "UP",
      "RIGHT"
    ],
    "pattern": [
      [
        "  AAA  ",
        "       ",
        "       ",
        "       ",
        "       ",
        "       ",
        "       ",
        "       "
      ],
      [
        " AAAAA ",
        "       ",
        "       ",
        "       ",
        "   B   ",
        "       ",
        "       ",
        "       "
      ],
      [
        "AAAAAAA",
        "   C   ",
        "   D   ",
        "   E   ",
        "  BEB  ",
        "  FEG  ",
        "   D   ",
        "   C   "
      ],
      [
        "@AAAAAA",
        "  CHC  ",
        "  DID  ",
        "  EJE  ",
        " BEKEB ",
        "  EJE  ",
        "  DLD  ",
        "  CHC  "
      ],
      [
        "AAAAAAA",
        "   C   ",
        "   D   ",
        "   E   ",
        "  BEB  ",
        "  FEG  ",
        "   D   ",
        "   C   "
      ],
      [
        " AAAAA ",
        "       ",
        "       ",
        "       ",
        "   B   ",
        "       ",
        "       ",
        "       "
      ],
      [
        "  AAA  ",
        "       ",
        "       ",
        "       ",
        "       ",
        "       ",
        "       ",
        "       "
      ]
    ],
    "aisleRepetitions": [
      [
        1,
        1
      ],
      [
        1,
        1
      ],
      [
        1,
        1
      ],
      [
        1,
        1
      ],
      [
        1,
        1
      ],
      [
        1,
        1
      ],
      [
        1,
        1
      ]
    ],
    "predicates": {
      "A": {
        "states": [
          {
            "id": "astralsorcery:blockmarble",
            "meta": 1
          }
        ],
        "type": "states"
      },
      "controller": {
        "location": "sakuracloud:astral_extruder",
        "type": "component"
      },
      "B": {
        "states": [
          {
            "id": "astralsorcery:blockmarble",
            "meta": 3
          }
        ],
        "type": "states"
      },
      "C": {
        "states": [
          {
            "id": "astralsorcery:blockmarble",
            "meta": 6
          }
        ],
        "type": "states"
      },
      "D": {
        "states": [
          {
            "id": "astralsorcery:blockmarble",
            "meta": 2
          }
        ],
        "type": "states"
      },
      "E": {
        "states": [
          {
            "id": "extrautils2:ineffableglass",
            "meta": 2
          }
        ],
        "type": "states"
      },
      "H": {
        "states": [
          {
            "id": "astralsorcery:blockmarble",
            "meta": 4
          }
        ],
        "type": "states"
      },
      "I": {
        "states": [
          {
            "id": "integratedterminals:menril_glass",
            "meta": 0
          }
        ],
        "type": "states"
      },
      "J": {
        "states": [
          {
            "id": "integrateddynamics:block_menril_resin",
            "meta": 0
          }
        ],
        "type": "states"
      },
      "L": {
        "states": [
          {
            "id": "astralsorcery:fluidblockliquidstarlight",
            "meta": 0
          }
        ],
        "type": "states"
      },
      "any": {
        "type": "any"
      },
      "M": {
        "capability": "item",
        "type": "capability"
      },
      "N": {
        "capability": "fluid",
        "type": "capability"
      }
    },
    "symbolMap": {
      "@": [
        "controller"
      ],
      " ": [
        "any"
      ],
      "A": [
        "A"
      ],
      "B": [
        "B"
      ],
      "C": [
        "C"
      ],
      "D": [
        "D"
      ],
      "E": [
        "E"
      ],
      "F": [
        "M"
      ],
      "G": [
        "N"
      ],
      "H": [
        "H"
      ],
      "I": [
        "I"
      ],
      "J": [
        "J"
      ],
      "K": [
        "J"
      ],
      "L": [
        "L"
      ]
    }
  }
}