{
  "version": 2,
  "location": "sakuracloud:astral_soul",
  "traits": {},
  "properties": {
    "rotationState": "ALL",
    "showInJei": true,
    "isOpaque": true,
    "hasCollision": true,
    "destroyTime": 1.5,
    "explosionResistance": 10.0,
    "harvestLevel": 1,
    "stackSize": 64,
    "tabGroup": "multiblocked"
  },
  "status": {
    "unformed": {
      "renderer": {
        "state": {
          "id": "chisel:futura",
          "meta": 5
        },
        "type": "blockstate"
      }
    },
    "idle": {
      "parent": "unformed"
    },
    "working": {
      "parent": "idle"
    },
    "suspend": {
      "parent": "working"
    }
  },
  "recipeMap": "astral_soul",
  "basePattern": {
    "structureDir": [
      "BACK",
      "UP",
      "RIGHT"
    ],
    "pattern": [
      [
        "  A  ",
        "BBCBB",
        "D E D",
        "D E D",
        "D E D",
        "BBCBB",
        "     "
      ],
      [
        " FGF ",
        "BHHHB",
        "     ",
        "     ",
        "     ",
        "B   B",
        " FGF "
      ],
      [
        "@GIGA",
        "CHIHC",
        "E J E",
        "E J E",
        "E J E",
        "C I C",
        " GIG "
      ],
      [
        " FGF ",
        "BHHHB",
        "     ",
        "     ",
        "     ",
        "B   B",
        " FGF "
      ],
      [
        "  A  ",
        "BBCBB",
        "D E D",
        "D E D",
        "D E D",
        "BBCBB",
        "     "
      ]
    ],
    "aisleRepetitions": [
      [
        1,
        1
      ],
      [
        1,
        1
      ],
      [
        1,
        1
      ],
      [
        1,
        1
      ],
      [
        1,
        1
      ]
    ],
    "predicates": {
      "controller": {
        "location": "sakuracloud:astral_soul",
        "type": "component"
      },
      "B": {
        "states": [
          {
            "id": "extrautils2:ineffableglass",
            "meta": 0
          }
        ],
        "type": "states"
      },
      "C": {
        "states": [
          {
            "id": "astralsorcery:blockmarble",
            "meta": 3
          }
        ],
        "type": "states"
      },
      "D": {
        "states": [
          {
            "id": "extrautils2:ineffableglass",
            "meta": 2
          }
        ],
        "type": "states"
      },
      "E": {
        "states": [
          {
            "id": "astralsorcery:blockmarble",
            "meta": 2
          }
        ],
        "type": "states"
      },
      "F": {
        "states": [
          {
            "id": "astralsorcery:blockmarble",
            "meta": 6
          }
        ],
        "type": "states"
      },
      "G": {
        "states": [
          {
            "id": "astralsorcery:blockmarble",
            "meta": 4
          }
        ],
        "type": "states"
      },
      "H": {
        "states": [
          {
            "id": "astralsorcery:fluidblockliquidstarlight",
            "meta": 0
          }
        ],
        "type": "states"
      },
      "I": {
        "states": [
          {
            "id": "chisel:marblepillar",
            "meta": 12
          }
        ],
        "type": "states"
      },
      "any": {
        "type": "any"
      },
      "1": {
        "capability": "item",
        "type": "capability"
      },
      "2": {
        "capability": "fluid",
        "type": "capability"
      },
      "3": {
        "blocks": [
          {
            "id": "randomthings:spectrelog"
          }
        ],
        "type": "blocks"
      }
    },
    "symbolMap": {
      "@": [
        "controller"
      ],
      " ": [
        "any"
      ],
      "A": [
        "1",
        "2"
      ],
      "B": [
        "B"
      ],
      "C": [
        "C"
      ],
      "D": [
        "D"
      ],
      "E": [
        "E"
      ],
      "F": [
        "F"
      ],
      "G": [
        "G"
      ],
      "H": [
        "H"
      ],
      "I": [
        "I"
      ],
      "J": [
        "3"
      ]
    }
  }
}