{
  "version": 2,
  "location": "sakuracloud:overtime_miner",
  "traits": {},
  "properties": {
    "rotationState": "ALL",
    "showInJei": true,
    "isOpaque": true,
    "hasCollision": true,
    "destroyTime": 1.5,
    "explosionResistance": 10.0,
    "harvestLevel": 1,
    "stackSize": 64,
    "tabGroup": "multiblocked"
  },
  "status": {
    "unformed": {
      "renderer": {
        "baseTexture": "multiblocked:machine_casing_fusion",
        "frontTexture": "multiblocked:singularity_overlay",
        "type": "gregtech"
      }
    },
    "idle": {
      "parent": "unformed"
    },
    "working": {
      "parent": "idle"
    },
    "suspend": {
      "parent": "working"
    }
  },
  "recipeMap": "singularity_miner",
  "basePattern": {
    "structureDir": [
      "LEFT",
      "UP",
      "BACK"
    ],
    "pattern": [
      [
        "             ",
        "             ",
        "             ",
        "             ",
        " A         A "
      ],
      [
        "             ",
        "             ",
        " B         B ",
        " B         B ",
        "ACA       ACA"
      ],
      [
        "             ",
        "  B       B  ",
        "             ",
        "             ",
        " A         A "
      ],
      [
        "   BQD@DQB   ",
        "             ",
        "      E      ",
        "             ",
        "             "
      ],
      [
        "    DFFFD    ",
        "    GAHAG    ",
        "    IJ JI    ",
        "             ",
        "             "
      ],
      [
        "   DFFGFFD   ",
        "    AKKKA    ",
        "    J L J    ",
        "     IMI     ",
        "      N      "
      ],
      [
        "   DFGOGFD   ",
        "    HKKKH    ",
        "   E LPL E   ",
        "     MMM     ",
        "     N N     "
      ],
      [
        "   DFFGFFD   ",
        "    AKKKA    ",
        "    J L J    ",
        "     IMI     ",
        "      N      "
      ],
      [
        "    DFFFD    ",
        "    GAHAG    ",
        "    IJ J     ",
        "             ",
        "             "
      ],
      [
        "   B DDD B   ",
        "             ",
        "      E      ",
        "             ",
        "             "
      ],
      [
        "             ",
        "  B       B  ",
        "             ",
        "             ",
        " A         A "
      ],
      [
        "             ",
        "             ",
        " B         B ",
        " B         B ",
        "ACA       ACA"
      ],
      [
        "             ",
        "             ",
        "             ",
        "             ",
        " A         A "
      ]
    ],
    "aisleRepetitions": [
      [
        1,
        1
      ],
      [
        1,
        1
      ],
      [
        1,
        1
      ],
      [
        1,
        1
      ],
      [
        1,
        1
      ],
      [
        1,
        1
      ],
      [
        1,
        1
      ],
      [
        1,
        1
      ],
      [
        1,
        1
      ],
      [
        1,
        1
      ],
      [
        1,
        1
      ],
      [
        1,
        1
      ],
      [
        1,
        1
      ]
    ],
    "predicates": {
      "B": {
        "states": [
          {
            "id": "thermalfoundation:storage_alloy",
            "meta": 6
          }
        ],
        "type": "states"
      },
      "controller": {
        "location": "sakuracloud:overtime_miner",
        "type": "component"
      },
      "D": {
        "states": [
          {
            "id": "enderio:block_alloy_endergy",
            "meta": 2
          }
        ],
        "type": "states"
      },
      "E": {
        "states": [
          {
            "id": "sakuracloud:singularity_block",
            "meta": 0
          }
        ],
        "type": "states"
      },
      "F": {
        "states": [
          {
            "id": "extrautils2:ineffableglass",
            "meta": 1
          }
        ],
        "type": "states"
      },
      "G": {
        "states": [
          {
            "id": "enderio:block_alloy_endergy",
            "meta": 3
          }
        ],
        "type": "states"
      },
      "H": {
        "states": [
          {
            "id": "environmentaltech:modifier_speed",
            "meta": 0
          }
        ],
        "type": "states"
      },
      "I": {
        "states": [
          {
            "id": "environmentaltech:erodium_tiles",
            "meta": 0
          }
        ],
        "type": "states"
      },
      "J": {
        "states": [
          {
            "id": "environmentaltech:kyronite_tiles",
            "meta": 0
          }
        ],
        "type": "states"
      },
      "K": {
        "states": [
          {
            "id": "chisel:diamond",
            "meta": 11
          }
        ],
        "type": "states"
      },
      "L": {
        "states": [
          {
            "id": "ic2:resource",
            "meta": 13
          }
        ],
        "type": "states"
      },
      "any": {
        "type": "any"
      },
      "M": {
        "states": [
          {
            "id": "extrautils2:ineffableglass",
            "meta": 0
          }
        ],
        "type": "states"
      },
      "O": {
        "states": [
          {
            "id": "modularmachinery:blockcasing",
            "meta": 4
          }
        ],
        "type": "states"
      },
      "P": {
        "states": [
          {
            "id": "minecraft:beacon",
            "meta": 0
          }
        ],
        "type": "states"
      },
      "1": {
        "states": [
          {
            "id": "ironchest:iron_chest",
            "meta": 5
          }
        ],
        "type": "states"
      },
      "2": {
        "capability": "forge_energy",
        "type": "capability"
      },
      "3": {
        "blocks": [
          {
            "id": "minecraft:beacon"
          }
        ],
        "type": "blocks"
      },
      "4": {
        "blocks": [
          {
            "id": "extrautils2:ineffableglass"
          }
        ],
        "type": "blocks"
      },
      "5": {
        "blocks": [
          {
            "id": "extrautils2:ineffableglass"
          }
        ],
        "type": "blocks"
      },
      "6": {
        "capability": "item",
        "type": "capability"
      }
    },
    "symbolMap": {
      "@": [
        "controller"
      ],
      " ": [
        "any"
      ],
      "A": [],
      "B": [
        "B"
      ],
      "C": [
        "P"
      ],
      "D": [
        "D"
      ],
      "E": [
        "E"
      ],
      "F": [
        "5",
        "F"
      ],
      "G": [
        "G"
      ],
      "H": [
        "H"
      ],
      "I": [
        "I"
      ],
      "J": [
        "J"
      ],
      "K": [
        "K"
      ],
      "L": [
        "L"
      ],
      "M": [
        "4",
        "M"
      ],
      "N": [
        "2"
      ],
      "O": [
        "O"
      ],
      "P": [
        "P",
        "3"
      ],
      "Q": [
        "1",
        "6"
      ]
    }
  }
}