{
  "version": 2,
  "location": "sakuracloud:primordium_fusion",
  "traits": {
    "recipe_progress": {
      "cIO": 2,
      "gIO": 2,
      "x": 42,
      "y": 139,
      "width": 100,
      "height": 18,
      "texture": "multiblocked:textures/gui/energy_bar.png",
      "fillDirection": 0
    },
    "item": [
      {
        "cIO": 1,
        "gIO": 1,
        "mIO": 1,
        "x": 124,
        "y": 69,
        "autoIO": true,
        "valid": [
          "\"{id:\\\"prodigytech:primordium\\\",Count:1,Damage:0s}\""
        ]
      },
      {
        "cIO": 0,
        "gIO": 0,
        "mIO": 0,
        "x": 40,
        "y": 69,
        "autoIO": true,
        "valid": [
          "\"{id:\\\"prodigytech:energion_dust\\\",Count:1,Damage:0s}\""
        ]
      }
    ]
  },
  "properties": {
    "rotationState": "ALL",
    "showInJei": true,
    "isOpaque": true,
    "hasCollision": true,
    "destroyTime": 1.5,
    "explosionResistance": 10.0,
    "harvestLevel": 1,
    "stackSize": 64,
    "tabGroup": "multiblocked"
  },
  "status": {
    "unformed": {
      "renderer": {
        "state": {
          "id": "prodigytech:primordialis_reactor",
          "meta": 1
        },
        "type": "blockstate"
      }
    },
    "idle": {
      "parent": "unformed"
    },
    "working": {
      "parent": "idle"
    },
    "suspend": {
      "parent": "working"
    }
  },
  "recipeMap": "primordium",
  "catalyst": "{id:\"prodigytech:primordialis_reactor\",Count:1,Damage:0s}",
  "consumeCatalyst": "NOT_CONSUMED",
  "noNeedController": false,
  "basePattern": {
    "structureDir": [
      "LEFT",
      "UP",
      "BACK"
    ],
    "pattern": [
      [
        "ABC@CBA",
        "DEEEEED",
        "DEEEEED",
        "AFEEEFA",
        "C FEF C",
        "   F   "
      ],
      [
        "BGHGHGB",
        "E     E",
        "E     E",
        "F     F",
        " EE EE ",
        "   F   "
      ],
      [
        "CIBBBIC",
        "E     E",
        "E     E",
        "E     E",
        "FEE EEF",
        "   F   "
      ],
      [
        "JGBBBGK",
        "E  D  E",
        "E  D  E",
        "E  D  E",
        "E  D  E",
        "FFFCFFF"
      ],
      [
        "CIBBBIC",
        "E     E",
        "E     E",
        "E     E",
        "FEE EEF",
        "   F   "
      ],
      [
        "BGHGHGB",
        "E     E",
        "E     E",
        "F     F",
        " EE EE ",
        "   F   "
      ],
      [
        "ABCLCBA",
        "DEEEEED",
        "DEEEEED",
        "AFEEEFA",
        "C FEF C",
        "   F   "
      ]
    ],
    "aisleRepetitions": [
      [
        1,
        1
      ],
      [
        1,
        1
      ],
      [
        1,
        1
      ],
      [
        1,
        1
      ],
      [
        1,
        1
      ],
      [
        1,
        1
      ],
      [
        1,
        1
      ]
    ],
    "predicates": {
      "A": {
        "states": [
          {
            "id": "astralsorcery:blockmarble",
            "meta": 6
          }
        ],
        "type": "states"
      },
      "controller": {
        "location": "sakuracloud:primordium_fusion",
        "type": "component"
      },
      "B": {
        "states": [
          {
            "id": "prodigytech:ferramic_block",
            "meta": 0
          }
        ],
        "type": "states"
      },
      "C": {
        "states": [
          {
            "id": "minecraft:sea_lantern",
            "meta": 0
          }
        ],
        "type": "states"
      },
      "D": {
        "states": [
          {
            "id": "astralsorcery:blockmarble",
            "meta": 2
          }
        ],
        "type": "states"
      },
      "E": {
        "states": [
          {
            "id": "extrautils2:ineffableglass",
            "meta": 2
          }
        ],
        "type": "states"
      },
      "F": {
        "states": [
          {
            "id": "extrautils2:ineffableglass",
            "meta": 0
          }
        ],
        "type": "states"
      },
      "G": {
        "states": [
          {
            "id": "prodigytech:zorrasteel_block",
            "meta": 0
          }
        ],
        "type": "states"
      },
      "h": {
        "blocks": [
          {
            "id": "prodigytech:zorra_log"
          }
        ],
        "type": "blocks"
      },
      "any": {
        "type": "any"
      },
      "M": {
        "capability": "item",
        "type": "capability"
      },
      "N": {
        "capability": "forge_energy",
        "type": "capability"
      }
    },
    "symbolMap": {
      "@": [
        "controller"
      ],
      " ": [
        "any"
      ],
      "A": [
        "A"
      ],
      "B": [
        "B"
      ],
      "C": [
        "C"
      ],
      "D": [
        "D"
      ],
      "E": [
        "E"
      ],
      "F": [
        "F"
      ],
      "G": [
        "G"
      ],
      "H": [
        "h"
      ],
      "I": [
        "h"
      ],
      "J": [
        "M"
      ],
      "K": [
        "M"
      ],
      "L": [
        "N"
      ]
    }
  }
}