{
  "version": 2,
  "location": "sakuracloud:mineral_processor",
  "traits": {},
  "properties": {
    "rotationState": "ALL",
    "showInJei": true,
    "isOpaque": true,
    "hasCollision": true,
    "destroyTime": 1.5,
    "explosionResistance": 10.0,
    "harvestLevel": 1,
    "stackSize": 64,
    "tabGroup": "multiblocked"
  },
  "status": {
    "unformed": {
      "renderer": {
        "baseTexture": "multiblocked:blocks/gregtech_base",
        "frontTexture": "multiblocked:blocks/gregtech_front",
        "type": "gregtech"
      }
    },
    "idle": {
      "parent": "unformed"
    },
    "working": {
      "parent": "idle"
    },
    "suspend": {
      "parent": "working"
    }
  },
  "recipeMap": "mineral_processor",
  "basePattern": {
    "structureDir": [
      "RIGHT",
      "UP",
      "FRONT"
    ],
    "pattern": [
      [
        "ABA",
        "CAC",
        "DED",
        "   "
      ],
      [
        "FBF",
        "CGC",
        "DCD",
        "DHD"
      ],
      [
        "IBI",
        "CJC",
        "DCD",
        "DHD"
      ],
      [
        "KBK",
        "CLC",
        "DCD",
        "DHD"
      ],
      [
        "MON",
        "C@C",
        "DED",
        "   "
      ]
    ],
    "aisleRepetitions": [
      [
        1,
        1
      ],
      [
        1,
        1
      ],
      [
        1,
        1
      ],
      [
        1,
        1
      ],
      [
        1,
        1
      ]
    ],
    "predicates": {
      "A": {
        "states": [
          {
            "id": "modularmachinery:blockcasing",
            "meta": 4
          }
        ],
        "type": "states"
      },
      "controller": {
        "location": "sakuracloud:mineral_processor",
        "type": "component"
      },
      "B": {
        "states": [
          {
            "id": "modularmachinery:blockcasing",
            "meta": 3
          }
        ],
        "type": "states"
      },
      "b": {
        "capability": "forge_energy",
        "type": "capability",
        "io": "IN"
      },
      "C": {
        "states": [
          {
            "id": "extrautils2:decorativeglass",
            "meta": 1
          }
        ],
        "type": "states"
      },
      "c": {
        "capability": "item",
        "type": "capability",
        "minCount": 1,
        "maxCount": 1,
        "io": "IN"
      },
      "D": {
        "states": [
          {
            "id": "modularmachinery:blockcasing",
            "meta": 0
          }
        ],
        "type": "states"
      },
      "F": {
        "states": [
          {
            "id": "minecraft:diamond_block",
            "meta": 0
          }
        ],
        "type": "states"
      },
      "G": {
        "states": [
          {
            "id": "thermalfoundation:fluid_cryotheum",
            "meta": 0
          }
        ],
        "type": "states"
      },
      "H": {
        "states": [
          {
            "id": "modularmachinery:blockcasing",
            "meta": 1
          }
        ],
        "type": "states"
      },
      "I": {
        "states": [
          {
            "id": "minecraft:lapis_block",
            "meta": 0
          }
        ],
        "type": "states"
      },
      "J": {
        "states": [
          {
            "id": "thermalfoundation:fluid_pyrotheum",
            "meta": 0
          }
        ],
        "type": "states"
      },
      "K": {
        "states": [
          {
            "id": "minecraft:emerald_block",
            "meta": 0
          }
        ],
        "type": "states"
      },
      "L": {
        "states": [
          {
            "id": "thermalfoundation:fluid_petrotheum",
            "meta": 0
          }
        ],
        "type": "states"
      },
      "any": {
        "type": "any"
      },
      "O": {
        "capability": "item",
        "type": "capability"
      }
    },
    "symbolMap": {
      "@": [
        "controller"
      ],
      " ": [
        "any"
      ],
      "A": [
        "A"
      ],
      "B": [
        "B"
      ],
      "C": [
        "C"
      ],
      "D": [
        "D"
      ],
      "E": [],
      "F": [
        "F"
      ],
      "G": [
        "G"
      ],
      "H": [
        "H"
      ],
      "I": [
        "I"
      ],
      "J": [
        "J"
      ],
      "K": [
        "K"
      ],
      "L": [
        "L"
      ],
      "M": [
        "c"
      ],
      "N": [
        "b"
      ],
      "O": [
        "O"
      ]
    }
  }
}