{
  "version": 2,
  "location": "sakuracloud:sieve",
  "traits": {},
  "properties": {
    "rotationState": "NON_Y_AXIS",
    "showInJei": true,
    "isOpaque": true,
    "hasCollision": true,
    "destroyTime": 1.5,
    "explosionResistance": 10.0,
    "harvestLevel": 1,
    "stackSize": 64,
    "tabGroup": "multiblocked"
  },
  "status": {
    "unformed": {
      "renderer": {
        "baseTexture": "multiblocked:machine_casing_stable_titanium",
        "frontTexture": "multiblocked:blocks/gregtech_front",
        "type": "gregtech"
      },
      "lightEmissive": 15
    },
    "idle": {
      "parent": "unformed"
    },
    "working": {
      "parent": "idle"
    },
    "suspend": {
      "parent": "working"
    }
  },
  "recipeMap": "sieve",
  "basePattern": {
    "structureDir": [
      "LEFT",
      "UP",
      "BACK"
    ],
    "pattern": [
      [
        "AAAAAAAAA",
        "A       A",
        "A       A",
        "B       B",
        "A       A",
        "A       A",
        "CC CCC CC",
        " CCC@CCC ",
        "   CCC   ",
        "         "
      ],
      [
        "AAAAAAAAA",
        "D  E E  D",
        "D  FFF  D",
        "D  FFF  D",
        "D       D",
        "D       D",
        "D       D",
        " AAAAAAA ",
        "  GAAAG  ",
        "   CHC   "
      ],
      [
        "AAAAAAAAA",
        "DIIIIIIID",
        "D       D",
        "D       D",
        "D       D",
        "D       D",
        "D       D",
        " AAAAAAA ",
        "  GAAAG  ",
        "   CHC   "
      ],
      [
        "AAAAAAAAA",
        "DIIIIIIID",
        "D       D",
        "D       D",
        "D       D",
        "D       D",
        "D       D",
        " AAAAAAA ",
        "  GAAAG  ",
        "   CHC   "
      ],
      [
        "AAAAAAAAA",
        "DIIIIIIID",
        "D       D",
        "D       D",
        "D       D",
        "D       D",
        "D       D",
        " AAABAAA ",
        "  GAAAG  ",
        "   CHC   "
      ],
      [
        "AAAAAAAAA",
        "DIIIIIIID",
        "D       D",
        "D       D",
        "D       D",
        "D       D",
        "D       D",
        " AAABAAA ",
        "  GAAAG  ",
        "   CHC   "
      ],
      [
        "AAAAAAAAA",
        "DIIIIIIID",
        "D       D",
        "D       D",
        "D       D",
        "D       D",
        "D       D",
        " AAAAAAA ",
        "  GAAAG  ",
        "   CHC   "
      ],
      [
        "AAAAAAAAA",
        "DIIIIIIID",
        "D       D",
        "D       D",
        "D       D",
        "D       D",
        "D       D",
        " AAAAAAA ",
        "  GAAAG  ",
        "   CHC   "
      ],
      [
        "AAAAAAAAA",
        "DIIIIIIID",
        "D       D",
        "D       D",
        "D       D",
        "D       D",
        "D       D",
        " AAAAAAA ",
        "  GAAAG  ",
        "   CHC   "
      ],
      [
        "AAAAAAAAA",
        "A  E E  A",
        "A  JJJ  A",
        "B  JJJ  B",
        "A       A",
        "A       A",
        "CC CCC CC",
        " CCCHCCC ",
        "   CCC   ",
        "         "
      ]
    ],
    "aisleRepetitions": [
      [
        1,
        1
      ],
      [
        1,
        1
      ],
      [
        1,
        1
      ],
      [
        1,
        1
      ],
      [
        1,
        1
      ],
      [
        1,
        1
      ],
      [
        1,
        1
      ],
      [
        1,
        1
      ],
      [
        1,
        1
      ],
      [
        1,
        1
      ]
    ],
    "predicates": {
      "A": {
        "states": [
          {
            "id": "modularmachinery:blockcasing",
            "meta": 0
          }
        ],
        "type": "states"
      },
      "controller": {
        "location": "sakuracloud:sieve",
        "type": "component"
      },
      "B": {
        "states": [
          {
            "id": "minecraft:sea_lantern",
            "meta": 0
          }
        ],
        "type": "states"
      },
      "C": {
        "states": [
          {
            "id": "modularmachinery:blockcasing",
            "meta": 4
          }
        ],
        "type": "states"
      },
      "E": {
        "states": [
          {
            "id": "immersiveengineering:metal_decoration1",
            "meta": 1
          }
        ],
        "type": "states"
      },
      "F": {
        "states": [
          {
            "id": "modularmachinery:blockinputbus",
            "meta": 1
          }
        ],
        "type": "states"
      },
      "G": {
        "states": [
          {
            "id": "modularmachinery:blockcasing",
            "meta": 1
          }
        ],
        "type": "states"
      },
      "H": {
        "states": [
          {
            "id": "modularmachinery:blockcasing",
            "meta": 3
          }
        ],
        "type": "states"
      },
      "i": {
        "blocks": [
          {
            "id": "exnihilocreatio:block_sieve"
          }
        ],
        "type": "blocks"
      },
      "J": {
        "states": [
          {
            "id": "integrateddynamics:energy_battery",
            "meta": 0
          }
        ],
        "type": "states"
      },
      "any": {
        "type": "any"
      }
    },
    "symbolMap": {
      "@": [
        "controller"
      ],
      " ": [
        "any"
      ],
      "A": [
        "A"
      ],
      "B": [
        "B"
      ],
      "C": [
        "C"
      ],
      "D": [],
      "E": [
        "E"
      ],
      "F": [
        "F"
      ],
      "G": [
        "G"
      ],
      "H": [
        "H"
      ],
      "I": [
        "i"
      ],
      "J": [
        "J"
      ]
    }
  }
}